16.5.18 10:0:0 ;AngleDec;42,15
16.5.18 10:1:0 ;AngleDec;42,34
16.5.18 10:2:0 ;AngleDec;42,53
16.5.18 10:3:0 ;AngleDec;42,73
16.5.18 10:4:0 ;AngleDec;42,92
16.5.18 10:5:0 ;AngleDec;43,12
16.5.18 10:6:0 ;AngleDec;43,31
16.5.18 10:7:0 ;AngleDec;43,51
16.5.18 10:8:0 ;AngleDec;43,71
16.5.18 10:9:0 ;AngleDec;43,91
16.5.18 10:10:0 ;AngleDec;44,10
16.5.18 10:11:0 ;AngleDec;44,30
16.5.18 10:12:0 ;AngleDec;44,50
16.5.18 10:13:0 ;AngleDec;44,70
16.5.18 10:14:0 ;AngleDec;44,90
16.5.18 10:15:0 ;AngleDec;45,10
16.5.18 10:16:0 ;AngleDec;45,31
16.5.18 10:17:0 ;AngleDec;45,51
16.5.18 10:18:0 ;AngleDec;45,71
16.5.18 10:19:0 ;AngleDec;45,91
16.5.18 10:20:0 ;AngleDec;46,12
16.5.18 10:21:0 ;AngleDec;46,32
16.5.18 10:22:0 ;AngleDec;46,53
16.5.18 10:23:0 ;AngleDec;46,73
16.5.18 10:24:0 ;AngleDec;46,94
16.5.18 10:25:0 ;AngleDec;47,15
16.5.18 10:26:0 ;AngleDec;47,36
16.5.18 10:27:0 ;AngleDec;47,56
16.5.18 10:28:0 ;AngleDec;47,77
16.5.18 10:29:0 ;AngleDec;47,98
16.5.18 10:30:0 ;AngleDec;48,19
16.5.18 10:31:0 ;AngleDec;48,40
16.5.18 10:32:0 ;AngleDec;48,61
16.5.18 10:33:0 ;AngleDec;48,83
16.5.18 10:34:0 ;AngleDec;49,04
16.5.18 10:35:0 ;AngleDec;49,25
16.5.18 10:36:0 ;AngleDec;49,47
16.5.18 10:37:0 ;AngleDec;49,68
16.5.18 10:38:0 ;AngleDec;49,90
16.5.18 10:39:0 ;AngleDec;50,11
16.5.18 10:40:0 ;AngleDec;50,33
16.5.18 10:41:0 ;AngleDec;50,55
16.5.18 10:42:0 ;AngleDec;50,76
16.5.18 10:43:0 ;AngleDec;50,98
16.5.18 10:44:0 ;AngleDec;51,20
16.5.18 10:45:0 ;AngleDec;51,42
16.5.18 10:46:0 ;AngleDec;51,64
16.5.18 10:47:0 ;AngleDec;51,86
16.5.18 10:48:0 ;AngleDec;52,08
16.5.18 10:49:0 ;AngleDec;52,31
16.5.18 10:50:0 ;AngleDec;52,53
16.5.18 10:51:0 ;AngleDec;52,75
16.5.18 10:52:0 ;AngleDec;52,98
16.5.18 10:53:0 ;AngleDec;53,20
16.5.18 10:54:0 ;AngleDec;53,43
16.5.18 10:55:0 ;AngleDec;53,65
16.5.18 10:56:0 ;AngleDec;53,88
16.5.18 10:57:0 ;AngleDec;54,11
16.5.18 10:58:0 ;AngleDec;54,34
16.5.18 10:59:0 ;AngleDec;54,57
16.5.18 11:0:0 ;AngleDec;54,80
16.5.18 11:1:0 ;AngleDec;55,03
16.5.18 11:2:0 ;AngleDec;55,26
16.5.18 11:3:0 ;AngleDec;55,49
16.5.18 11:4:0 ;AngleDec;55,72
16.5.18 11:5:0 ;AngleDec;55,95
16.5.18 11:6:0 ;AngleDec;56,19
16.5.18 11:7:0 ;AngleDec;56,42
16.5.18 11:8:0 ;AngleDec;56,65
16.5.18 11:9:0 ;AngleDec;56,89
16.5.18 11:10:0 ;AngleDec;57,13
16.5.18 11:11:0 ;AngleDec;57,36
16.5.18 11:12:0 ;AngleDec;57,60
16.5.18 11:13:0 ;AngleDec;57,84
16.5.18 11:14:0 ;AngleDec;58,08
16.5.18 11:15:0 ;AngleDec;58,31
16.5.18 11:16:0 ;AngleDec;58,55
16.5.18 11:17:0 ;AngleDec;58,80
16.5.18 11:18:0 ;AngleDec;59,04
16.5.18 11:19:0 ;AngleDec;59,28
16.5.18 11:20:0 ;AngleDec;59,52
16.5.18 11:21:0 ;AngleDec;59,76
16.5.18 11:22:0 ;AngleDec;60,01
16.5.18 11:23:0 ;AngleDec;60,25
16.5.18 11:24:0 ;AngleDec;60,50
16.5.18 11:25:0 ;AngleDec;60,74
16.5.18 11:26:0 ;AngleDec;60,99
16.5.18 11:27:0 ;AngleDec;61,24
16.5.18 11:28:0 ;AngleDec;61,48
16.5.18 11:29:0 ;AngleDec;61,73
16.5.18 11:30:0 ;AngleDec;61,98
16.5.18 11:31:0 ;AngleDec;62,23
16.5.18 11:32:0 ;AngleDec;62,48
16.5.18 11:33:0 ;AngleDec;62,73
16.5.18 11:34:0 ;AngleDec;62,98
16.5.18 11:35:0 ;AngleDec;63,23
16.5.18 11:36:0 ;AngleDec;63,49
16.5.18 11:37:0 ;AngleDec;63,74
16.5.18 11:38:0 ;AngleDec;63,99
16.5.18 11:39:0 ;AngleDec;64,25
16.5.18 11:40:0 ;AngleDec;64,50
16.5.18 11:41:0 ;AngleDec;64,76
16.5.18 11:42:0 ;AngleDec;65,01
16.5.18 11:43:0 ;AngleDec;65,27
16.5.18 11:44:0 ;AngleDec;65,53
16.5.18 11:45:0 ;AngleDec;65,79
16.5.18 11:46:0 ;AngleDec;66,04
16.5.18 11:47:0 ;AngleDec;66,30
16.5.18 11:48:0 ;AngleDec;66,56
16.5.18 11:49:0 ;AngleDec;66,82
16.5.18 11:50:0 ;AngleDec;67,08
16.5.18 11:51:0 ;AngleDec;67,34
16.5.18 11:52:0 ;AngleDec;67,61
16.5.18 11:53:0 ;AngleDec;67,87
16.5.18 11:54:0 ;AngleDec;68,13
16.5.18 11:55:0 ;AngleDec;68,40
16.5.18 11:56:0 ;AngleDec;68,66
16.5.18 11:57:0 ;AngleDec;68,92
16.5.18 11:58:0 ;AngleDec;69,19
16.5.18 11:59:0 ;AngleDec;69,46
16.5.18 12:0:0 ;AngleDec;69,72
16.5.18 12:1:0 ;AngleDec;69,99
16.5.18 12:2:0 ;AngleDec;70,26
16.5.18 12:3:0 ;AngleDec;70,52
16.5.18 12:4:0 ;AngleDec;70,79
16.5.18 12:5:0 ;AngleDec;71,06
16.5.18 12:6:0 ;AngleDec;71,33
16.5.18 12:7:0 ;AngleDec;71,60
16.5.18 12:8:0 ;AngleDec;71,87
16.5.18 12:9:0 ;AngleDec;72,14
16.5.18 12:10:0 ;AngleDec;72,41
16.5.18 12:11:0 ;AngleDec;72,69
16.5.18 12:12:0 ;AngleDec;72,96
16.5.18 12:13:0 ;AngleDec;73,23
16.5.18 12:14:0 ;AngleDec;73,50
16.5.18 12:15:0 ;AngleDec;73,78
16.5.18 12:16:0 ;AngleDec;74,05
16.5.18 12:17:0 ;AngleDec;74,33
16.5.18 12:18:0 ;AngleDec;74,60
16.5.18 12:19:0 ;AngleDec;74,88
16.5.18 12:20:0 ;AngleDec;75,15
16.5.18 12:21:0 ;AngleDec;75,43
16.5.18 12:22:0 ;AngleDec;75,71
16.5.18 12:23:0 ;AngleDec;75,98
16.5.18 12:24:0 ;AngleDec;76,26
16.5.18 12:25:0 ;AngleDec;76,54
16.5.18 12:26:0 ;AngleDec;76,82
16.5.18 12:27:0 ;AngleDec;77,09
16.5.18 12:28:0 ;AngleDec;77,37
16.5.18 12:29:0 ;AngleDec;77,65
16.5.18 12:30:0 ;AngleDec;77,93
16.5.18 12:31:0 ;AngleDec;78,21
16.5.18 12:32:0 ;AngleDec;78,49
16.5.18 12:33:0 ;AngleDec;78,77
16.5.18 12:34:0 ;AngleDec;79,05
16.5.18 12:35:0 ;AngleDec;79,34
16.5.18 12:36:0 ;AngleDec;79,62
16.5.18 12:37:0 ;AngleDec;79,90
16.5.18 12:38:0 ;AngleDec;80,18
16.5.18 12:39:0 ;AngleDec;80,46
16.5.18 12:40:0 ;AngleDec;80,75
16.5.18 12:41:0 ;AngleDec;81,03
16.5.18 12:42:0 ;AngleDec;81,31
16.5.18 12:43:0 ;AngleDec;81,60
16.5.18 12:44:0 ;AngleDec;81,88
16.5.18 12:45:0 ;AngleDec;82,17
16.5.18 12:46:0 ;AngleDec;82,45
16.5.18 12:47:0 ;AngleDec;82,73
16.5.18 12:48:0 ;AngleDec;83,02
16.5.18 12:49:0 ;AngleDec;83,30
16.5.18 12:50:0 ;AngleDec;83,59
16.5.18 12:51:0 ;AngleDec;83,88
16.5.18 12:52:0 ;AngleDec;84,16
16.5.18 12:53:0 ;AngleDec;84,45
16.5.18 12:54:0 ;AngleDec;84,73
16.5.18 12:55:0 ;AngleDec;85,02
16.5.18 12:56:0 ;AngleDec;85,31
16.5.18 12:57:0 ;AngleDec;85,59
16.5.18 12:58:0 ;AngleDec;85,88
16.5.18 12:59:0 ;AngleDec;86,16
16.5.18 13:0:0 ;AngleDec;86,45
16.5.18 13:1:0 ;AngleDec;86,74
16.5.18 13:2:0 ;AngleDec;87,03
16.5.18 13:3:0 ;AngleDec;87,31
16.5.18 13:4:0 ;AngleDec;87,60
16.5.18 13:5:0 ;AngleDec;87,89
16.5.18 13:6:0 ;AngleDec;88,17
16.5.18 13:7:0 ;AngleDec;88,46
16.5.18 13:8:0 ;AngleDec;88,75
16.5.18 13:9:0 ;AngleDec;89,04
16.5.18 13:10:0 ;AngleDec;89,32
16.5.18 13:11:0 ;AngleDec;89,61
16.5.18 13:12:0 ;AngleDec;89,90
16.5.18 13:13:0 ;AngleDec;-89,81
16.5.18 13:14:0 ;AngleDec;-89,53
16.5.18 13:15:0 ;AngleDec;-89,24
16.5.18 13:16:0 ;AngleDec;-88,95
16.5.18 13:17:0 ;AngleDec;-88,66
16.5.18 13:18:0 ;AngleDec;-88,38
16.5.18 13:19:0 ;AngleDec;-88,09
16.5.18 13:20:0 ;AngleDec;-87,80
16.5.18 13:21:0 ;AngleDec;-87,52
16.5.18 13:22:0 ;AngleDec;-87,23
16.5.18 13:23:0 ;AngleDec;-86,94
16.5.18 13:24:0 ;AngleDec;-86,65
16.5.18 13:25:0 ;AngleDec;-86,37
16.5.18 13:26:0 ;AngleDec;-86,08
16.5.18 13:27:0 ;AngleDec;-85,79
16.5.18 13:28:0 ;AngleDec;-85,51
16.5.18 13:29:0 ;AngleDec;-85,22
16.5.18 13:30:0 ;AngleDec;-84,94
16.5.18 13:31:0 ;AngleDec;-84,65
16.5.18 13:32:0 ;AngleDec;-84,36
16.5.18 13:33:0 ;AngleDec;-84,08
16.5.18 13:34:0 ;AngleDec;-83,79
16.5.18 13:35:0 ;AngleDec;-83,51
16.5.18 13:36:0 ;AngleDec;-83,22
16.5.18 13:37:0 ;AngleDec;-82,94
16.5.18 13:38:0 ;AngleDec;-82,65
16.5.18 13:39:0 ;AngleDec;-82,37
16.5.18 13:40:0 ;AngleDec;-82,08
16.5.18 13:41:0 ;AngleDec;-81,80
16.5.18 13:42:0 ;AngleDec;-81,52
16.5.18 13:43:0 ;AngleDec;-81,23
16.5.18 13:44:0 ;AngleDec;-80,95
16.5.18 13:45:0 ;AngleDec;-80,67
16.5.18 13:46:0 ;AngleDec;-80,38
16.5.18 13:47:0 ;AngleDec;-80,10
16.5.18 13:48:0 ;AngleDec;-79,82
16.5.18 13:49:0 ;AngleDec;-79,54
16.5.18 13:50:0 ;AngleDec;-79,26
16.5.18 13:51:0 ;AngleDec;-78,97
16.5.18 13:52:0 ;AngleDec;-78,69
16.5.18 13:53:0 ;AngleDec;-78,41
16.5.18 13:54:0 ;AngleDec;-78,13
16.5.18 13:55:0 ;AngleDec;-77,85
16.5.18 13:56:0 ;AngleDec;-77,57
16.5.18 13:57:0 ;AngleDec;-77,29
16.5.18 13:58:0 ;AngleDec;-77,02
16.5.18 13:59:0 ;AngleDec;-76,74
16.5.18 14:0:0 ;AngleDec;-76,46
16.5.18 14:1:0 ;AngleDec;-76,18
16.5.18 14:2:0 ;AngleDec;-75,90
16.5.18 14:3:0 ;AngleDec;-75,63
16.5.18 14:4:0 ;AngleDec;-75,35
16.5.18 14:5:0 ;AngleDec;-75,08
16.5.18 14:6:0 ;AngleDec;-74,80
16.5.18 14:7:0 ;AngleDec;-74,52
16.5.18 14:8:0 ;AngleDec;-74,25
16.5.18 14:9:0 ;AngleDec;-73,98
16.5.18 14:10:0 ;AngleDec;-73,70
16.5.18 14:11:0 ;AngleDec;-73,43
16.5.18 14:12:0 ;AngleDec;-73,16
16.5.18 14:13:0 ;AngleDec;-72,88
16.5.18 14:14:0 ;AngleDec;-72,61
16.5.18 14:15:0 ;AngleDec;-72,34
16.5.18 14:16:0 ;AngleDec;-72,07
16.5.18 14:17:0 ;AngleDec;-71,80
16.5.18 14:18:0 ;AngleDec;-71,53
16.5.18 14:19:0 ;AngleDec;-71,26
16.5.18 14:20:0 ;AngleDec;-70,99
16.5.18 14:21:0 ;AngleDec;-70,72
16.5.18 14:22:0 ;AngleDec;-70,45
16.5.18 14:23:0 ;AngleDec;-70,19
16.5.18 14:24:0 ;AngleDec;-69,92
16.5.18 14:25:0 ;AngleDec;-69,65
16.5.18 14:26:0 ;AngleDec;-69,39
16.5.18 14:27:0 ;AngleDec;-69,12
16.5.18 14:28:0 ;AngleDec;-68,86
16.5.18 14:29:0 ;AngleDec;-68,59
16.5.18 14:30:0 ;AngleDec;-68,33
16.5.18 14:31:0 ;AngleDec;-68,06
16.5.18 14:32:0 ;AngleDec;-67,80
16.5.18 14:33:0 ;AngleDec;-67,54
16.5.18 14:34:0 ;AngleDec;-67,28
16.5.18 14:35:0 ;AngleDec;-67,02
16.5.18 14:36:0 ;AngleDec;-66,76
16.5.18 14:37:0 ;AngleDec;-66,50
16.5.18 14:38:0 ;AngleDec;-66,24
16.5.18 14:39:0 ;AngleDec;-65,98
16.5.18 14:40:0 ;AngleDec;-65,72
16.5.18 14:41:0 ;AngleDec;-65,46
16.5.18 14:42:0 ;AngleDec;-65,21
16.5.18 14:43:0 ;AngleDec;-64,95
16.5.18 14:44:0 ;AngleDec;-64,69
16.5.18 14:45:0 ;AngleDec;-64,44
16.5.18 14:46:0 ;AngleDec;-64,18
16.5.18 14:47:0 ;AngleDec;-63,93
16.5.18 14:48:0 ;AngleDec;-63,68
16.5.18 14:49:0 ;AngleDec;-63,42
16.5.18 14:50:0 ;AngleDec;-63,17
16.5.18 14:51:0 ;AngleDec;-62,92
16.5.18 14:52:0 ;AngleDec;-62,67
16.5.18 14:53:0 ;AngleDec;-62,42
16.5.18 14:54:0 ;AngleDec;-62,17
16.5.18 14:55:0 ;AngleDec;-61,92
16.5.18 14:56:0 ;AngleDec;-61,67
16.5.18 14:57:0 ;AngleDec;-61,43
16.5.18 14:58:0 ;AngleDec;-61,18
16.5.18 14:59:0 ;AngleDec;-60,93
16.5.18 15:0:0 ;AngleDec;-60,69
16.5.18 15:1:0 ;AngleDec;-60,44
16.5.18 15:2:0 ;AngleDec;-60,20
16.5.18 15:3:0 ;AngleDec;-59,95
16.5.18 15:4:0 ;AngleDec;-59,71
16.5.18 15:5:0 ;AngleDec;-59,47
16.5.18 15:6:0 ;AngleDec;-59,22
16.5.18 15:7:0 ;AngleDec;-58,98
16.5.18 15:8:0 ;AngleDec;-58,74
16.5.18 15:9:0 ;AngleDec;-58,50
16.5.18 15:10:0 ;AngleDec;-58,26
16.5.18 15:11:0 ;AngleDec;-58,02
16.5.18 15:12:0 ;AngleDec;-57,79
16.5.18 15:13:0 ;AngleDec;-57,55
16.5.18 15:14:0 ;AngleDec;-57,31
16.5.18 15:15:0 ;AngleDec;-57,08
16.5.18 15:16:0 ;AngleDec;-56,84
16.5.18 15:17:0 ;AngleDec;-56,61
16.5.18 15:18:0 ;AngleDec;-56,37
16.5.18 15:19:0 ;AngleDec;-56,14
16.5.18 15:20:0 ;AngleDec;-55,91
16.5.18 15:21:0 ;AngleDec;-55,67
16.5.18 15:22:0 ;AngleDec;-55,44
16.5.18 15:23:0 ;AngleDec;-55,21
16.5.18 15:24:0 ;AngleDec;-54,98
16.5.18 15:25:0 ;AngleDec;-54,75
16.5.18 15:26:0 ;AngleDec;-54,52
16.5.18 15:27:0 ;AngleDec;-54,29
16.5.18 15:28:0 ;AngleDec;-54,07
16.5.18 15:29:0 ;AngleDec;-53,84
16.5.18 15:30:0 ;AngleDec;-53,61
16.5.18 15:31:0 ;AngleDec;-53,39
16.5.18 15:32:0 ;AngleDec;-53,16
16.5.18 15:33:0 ;AngleDec;-52,94
16.5.18 15:34:0 ;AngleDec;-52,71
16.5.18 15:35:0 ;AngleDec;-52,49
16.5.18 15:36:0 ;AngleDec;-52,27
16.5.18 15:37:0 ;AngleDec;-52,05
16.5.18 15:38:0 ;AngleDec;-51,82
16.5.18 15:39:0 ;AngleDec;-51,60
16.5.18 15:40:0 ;AngleDec;-51,38
16.5.18 15:41:0 ;AngleDec;-51,17
16.5.18 15:42:0 ;AngleDec;-50,95
16.5.18 15:43:0 ;AngleDec;-50,73
16.5.18 15:44:0 ;AngleDec;-50,51
16.5.18 15:45:0 ;AngleDec;-50,29
16.5.18 15:46:0 ;AngleDec;-50,08
16.5.18 15:47:0 ;AngleDec;-49,86
16.5.18 15:48:0 ;AngleDec;-49,65
16.5.18 15:49:0 ;AngleDec;-49,43
16.5.18 15:50:0 ;AngleDec;-49,22
16.5.18 15:51:0 ;AngleDec;-49,01
16.5.18 15:52:0 ;AngleDec;-48,80
16.5.18 15:53:0 ;AngleDec;-48,58
16.5.18 15:54:0 ;AngleDec;-48,37
16.5.18 15:55:0 ;AngleDec;-48,16
16.5.18 15:56:0 ;AngleDec;-47,95
16.5.18 15:57:0 ;AngleDec;-47,74
16.5.18 15:58:0 ;AngleDec;-47,54
16.5.18 15:59:0 ;AngleDec;-47,33
16.5.18 16:0:0 ;AngleDec;-47,12
16.5.18 16:1:0 ;AngleDec;-46,91
16.5.18 16:2:0 ;AngleDec;-46,71
16.5.18 16:3:0 ;AngleDec;-46,50
16.5.18 16:4:0 ;AngleDec;-46,30
16.5.18 16:5:0 ;AngleDec;-46,09
16.5.18 16:6:0 ;AngleDec;-45,89
16.5.18 16:7:0 ;AngleDec;-45,69
16.5.18 16:8:0 ;AngleDec;-45,48
16.5.18 16:9:0 ;AngleDec;-45,28
16.5.18 16:10:0 ;AngleDec;-45,08
16.5.18 16:11:0 ;AngleDec;-44,88
16.5.18 16:12:0 ;AngleDec;-44,68
16.5.18 16:13:0 ;AngleDec;-44,48
16.5.18 16:14:0 ;AngleDec;-44,28
16.5.18 16:15:0 ;AngleDec;-44,08
16.5.18 16:16:0 ;AngleDec;-43,89
16.5.18 16:17:0 ;AngleDec;-43,69
16.5.18 16:18:0 ;AngleDec;-43,49
16.5.18 16:19:0 ;AngleDec;-43,30
16.5.18 16:20:0 ;AngleDec;-43,10
16.5.18 16:21:0 ;AngleDec;-42,91
16.5.18 16:22:0 ;AngleDec;-42,71
16.5.18 16:23:0 ;AngleDec;-42,52
16.5.18 16:24:0 ;AngleDec;-42,33
16.5.18 16:25:0 ;AngleDec;-42,13
16.5.18 16:26:0 ;AngleDec;-41,94
16.5.18 16:27:0 ;AngleDec;-41,75
16.5.18 16:28:0 ;AngleDec;-41,56
16.5.18 16:29:0 ;AngleDec;-41,37
16.5.18 16:30:0 ;AngleDec;-41,18
16.5.18 16:31:0 ;AngleDec;-40,99
16.5.18 16:32:0 ;AngleDec;-40,80
16.5.18 16:33:0 ;AngleDec;-40,61
16.5.18 16:34:0 ;AngleDec;-40,42
16.5.18 16:35:0 ;AngleDec;-40,24
16.5.18 16:36:0 ;AngleDec;-40,05
16.5.18 16:37:0 ;AngleDec;-39,87
16.5.18 16:38:0 ;AngleDec;-39,68
16.5.18 16:39:0 ;AngleDec;-39,49
16.5.18 16:40:0 ;AngleDec;-39,31
16.5.18 16:41:0 ;AngleDec;-39,13
16.5.18 16:42:0 ;AngleDec;-38,94
16.5.18 16:43:0 ;AngleDec;-38,76
16.5.18 16:44:0 ;AngleDec;-38,58
16.5.18 16:45:0 ;AngleDec;-38,40
16.5.18 16:46:0 ;AngleDec;-38,22
16.5.18 16:47:0 ;AngleDec;-38,03
16.5.18 16:48:0 ;AngleDec;-37,85
16.5.18 16:49:0 ;AngleDec;-37,67
16.5.18 16:50:0 ;AngleDec;-37,50
16.5.18 16:51:0 ;AngleDec;-37,32
16.5.18 16:52:0 ;AngleDec;-37,14
16.5.18 16:53:0 ;AngleDec;-36,96
16.5.18 16:54:0 ;AngleDec;-36,78
16.5.18 16:55:0 ;AngleDec;-36,61
16.5.18 16:56:0 ;AngleDec;-36,43
16.5.18 16:57:0 ;AngleDec;-36,25
16.5.18 16:58:0 ;AngleDec;-36,08
16.5.18 16:59:0 ;AngleDec;-35,90
16.5.18 17:0:0 ;AngleDec;-35,73
16.5.18 17:1:0 ;AngleDec;-35,56
16.5.18 17:2:0 ;AngleDec;-35,38
16.5.18 17:3:0 ;AngleDec;-35,21
16.5.18 17:4:0 ;AngleDec;-35,04
16.5.18 17:5:0 ;AngleDec;-34,86
16.5.18 17:6:0 ;AngleDec;-34,69
16.5.18 17:7:0 ;AngleDec;-34,52
16.5.18 17:8:0 ;AngleDec;-34,35
16.5.18 17:9:0 ;AngleDec;-34,18
16.5.18 17:10:0 ;AngleDec;-34,01
16.5.18 17:11:0 ;AngleDec;-33,84
16.5.18 17:12:0 ;AngleDec;-33,67
16.5.18 17:13:0 ;AngleDec;-33,50
16.5.18 17:14:0 ;AngleDec;-33,34
16.5.18 17:15:0 ;AngleDec;-33,17
16.5.18 17:16:0 ;AngleDec;-33,00
16.5.18 17:17:0 ;AngleDec;-32,83
16.5.18 17:18:0 ;AngleDec;-32,67
16.5.18 17:19:0 ;AngleDec;-32,50
16.5.18 17:20:0 ;AngleDec;-32,34
16.5.18 17:21:0 ;AngleDec;-32,17
16.5.18 17:22:0 ;AngleDec;-32,01
16.5.18 17:23:0 ;AngleDec;-31,84
16.5.18 17:24:0 ;AngleDec;-31,68
16.5.18 17:25:0 ;AngleDec;-31,52
16.5.18 17:26:0 ;AngleDec;-31,35
16.5.18 17:27:0 ;AngleDec;-31,19
16.5.18 17:28:0 ;AngleDec;-31,03
16.5.18 17:29:0 ;AngleDec;-30,87
16.5.18 17:30:0 ;AngleDec;-30,70
16.5.18 17:31:0 ;AngleDec;-30,54
16.5.18 17:32:0 ;AngleDec;-30,38
16.5.18 17:33:0 ;AngleDec;-30,22
16.5.18 17:34:0 ;AngleDec;-30,06
16.5.18 17:35:0 ;AngleDec;-29,90
16.5.18 17:36:0 ;AngleDec;-29,74
16.5.18 17:37:0 ;AngleDec;-29,58
16.5.18 17:38:0 ;AngleDec;-29,43
16.5.18 17:39:0 ;AngleDec;-29,27
16.5.18 17:40:0 ;AngleDec;-29,11
16.5.18 17:41:0 ;AngleDec;-28,95
16.5.18 17:42:0 ;AngleDec;-28,79
16.5.18 17:43:0 ;AngleDec;-28,64
16.5.18 17:44:0 ;AngleDec;-28,48
16.5.18 17:45:0 ;AngleDec;-28,33
16.5.18 17:46:0 ;AngleDec;-28,17
16.5.18 17:47:0 ;AngleDec;-28,01
16.5.18 17:48:0 ;AngleDec;-27,86
16.5.18 17:49:0 ;AngleDec;-27,70
16.5.18 17:50:0 ;AngleDec;-27,55
16.5.18 17:51:0 ;AngleDec;-27,40
16.5.18 17:52:0 ;AngleDec;-27,24
16.5.18 17:53:0 ;AngleDec;-27,09
16.5.18 17:54:0 ;AngleDec;-26,94
16.5.18 17:55:0 ;AngleDec;-26,78
16.5.18 17:56:0 ;AngleDec;-26,63
16.5.18 17:57:0 ;AngleDec;-26,48
16.5.18 17:58:0 ;AngleDec;-26,33
16.5.18 17:59:0 ;AngleDec;-26,18
16.5.18 18:0:0 ;AngleDec;-26,03
16.5.18 18:1:0 ;AngleDec;-25,87
16.5.18 18:2:0 ;AngleDec;-25,72
16.5.18 18:3:0 ;AngleDec;-25,57
16.5.18 18:4:0 ;AngleDec;-25,42
16.5.18 18:5:0 ;AngleDec;-25,27
16.5.18 18:6:0 ;AngleDec;-25,12
16.5.18 18:7:0 ;AngleDec;-24,98
16.5.18 18:8:0 ;AngleDec;-24,83
16.5.18 18:9:0 ;AngleDec;-24,68
16.5.18 18:10:0 ;AngleDec;-24,53
16.5.18 18:11:0 ;AngleDec;-24,38
16.5.18 18:12:0 ;AngleDec;-24,23
16.5.18 18:13:0 ;AngleDec;-24,09
16.5.18 18:14:0 ;AngleDec;-23,94
16.5.18 18:15:0 ;AngleDec;-23,79
16.5.18 18:16:0 ;AngleDec;-23,65
16.5.18 18:17:0 ;AngleDec;-23,50
16.5.18 18:18:0 ;AngleDec;-23,35
16.5.18 18:19:0 ;AngleDec;-23,21
16.5.18 18:20:0 ;AngleDec;-23,06
16.5.18 18:21:0 ;AngleDec;-22,92
16.5.18 18:22:0 ;AngleDec;-22,77
16.5.18 18:23:0 ;AngleDec;-22,63
16.5.18 18:24:0 ;AngleDec;-22,48
16.5.18 18:25:0 ;AngleDec;-22,34
16.5.18 18:26:0 ;AngleDec;-22,19
16.5.18 18:27:0 ;AngleDec;-22,05
16.5.18 18:28:0 ;AngleDec;-21,91
16.5.18 18:29:0 ;AngleDec;-21,76
16.5.18 18:30:0 ;AngleDec;-21,62
16.5.18 18:31:0 ;AngleDec;-21,48
16.5.18 18:32:0 ;AngleDec;-21,33
16.5.18 18:33:0 ;AngleDec;-21,19
16.5.18 18:34:0 ;AngleDec;-21,05
16.5.18 18:35:0 ;AngleDec;-20,91
16.5.18 18:36:0 ;AngleDec;-20,76
16.5.18 18:37:0 ;AngleDec;-20,62
16.5.18 18:38:0 ;AngleDec;-20,48
16.5.18 18:39:0 ;AngleDec;-20,34
16.5.18 18:40:0 ;AngleDec;-20,20
16.5.18 18:41:0 ;AngleDec;-20,06
16.5.18 18:42:0 ;AngleDec;-19,92
16.5.18 18:43:0 ;AngleDec;-19,78
16.5.18 18:44:0 ;AngleDec;-19,63
16.5.18 18:45:0 ;AngleDec;-19,49
16.5.18 18:46:0 ;AngleDec;-19,35
16.5.18 18:47:0 ;AngleDec;-19,21
16.5.18 18:48:0 ;AngleDec;-19,07
16.5.18 18:49:0 ;AngleDec;-18,93
16.5.18 18:50:0 ;AngleDec;-18,80
16.5.18 18:51:0 ;AngleDec;-18,66
16.5.18 18:52:0 ;AngleDec;-18,52
16.5.18 18:53:0 ;AngleDec;-18,38
16.5.18 18:54:0 ;AngleDec;-18,24
16.5.18 18:55:0 ;AngleDec;-18,10
16.5.18 18:56:0 ;AngleDec;-17,96
16.5.18 18:57:0 ;AngleDec;-17,82
16.5.18 18:58:0 ;AngleDec;-17,69
16.5.18 18:59:0 ;AngleDec;-17,55
16.5.18 19:0:0 ;AngleDec;-17,41
16.5.18 19:1:0 ;AngleDec;-17,27
16.5.18 19:2:0 ;AngleDec;-17,13
16.5.18 19:3:0 ;AngleDec;-17,00
16.5.18 19:4:0 ;AngleDec;-16,86
16.5.18 19:5:0 ;AngleDec;-16,72
16.5.18 19:6:0 ;AngleDec;-16,59
16.5.18 19:7:0 ;AngleDec;-16,45
16.5.18 19:8:0 ;AngleDec;-16,31
16.5.18 19:9:0 ;AngleDec;-16,17
16.5.18 19:10:0 ;AngleDec;-16,04
16.5.18 19:11:0 ;AngleDec;-15,90
16.5.18 19:12:0 ;AngleDec;-15,77
16.5.18 19:13:0 ;AngleDec;-15,63
16.5.18 19:14:0 ;AngleDec;-15,49
16.5.18 19:15:0 ;AngleDec;-15,36
16.5.18 19:16:0 ;AngleDec;-15,22
16.5.18 19:17:0 ;AngleDec;-15,08
16.5.18 19:18:0 ;AngleDec;-14,95
16.5.18 19:19:0 ;AngleDec;-14,81
16.5.18 19:20:0 ;AngleDec;-14,68
16.5.18 19:21:0 ;AngleDec;-14,54
16.5.18 19:22:0 ;AngleDec;-14,41
16.5.18 19:23:0 ;AngleDec;-14,27
16.5.18 19:24:0 ;AngleDec;-14,14
16.5.18 19:25:0 ;AngleDec;-14,00
16.5.18 19:26:0 ;AngleDec;-13,86
16.5.18 19:27:0 ;AngleDec;-13,73
16.5.18 19:28:0 ;AngleDec;-13,59
16.5.18 19:29:0 ;AngleDec;-13,46
16.5.18 19:30:0 ;AngleDec;-13,32
16.5.18 19:31:0 ;AngleDec;-13,19
16.5.18 19:32:0 ;AngleDec;-13,05
16.5.18 19:33:0 ;AngleDec;-12,92
16.5.18 19:34:0 ;AngleDec;-12,78
16.5.18 19:35:0 ;AngleDec;-12,65
16.5.18 19:36:0 ;AngleDec;-12,52
16.5.18 19:37:0 ;AngleDec;-12,38
16.5.18 19:38:0 ;AngleDec;-12,25
16.5.18 19:39:0 ;AngleDec;-12,11
16.5.18 19:40:0 ;AngleDec;-11,98
16.5.18 19:41:0 ;AngleDec;-11,84
16.5.18 19:42:0 ;AngleDec;-11,71
16.5.18 19:43:0 ;AngleDec;-11,57
16.5.18 19:44:0 ;AngleDec;-11,44
16.5.18 19:45:0 ;AngleDec;-11,30
16.5.18 19:46:0 ;AngleDec;-11,17
16.5.18 19:47:0 ;AngleDec;-11,03
16.5.18 19:48:0 ;AngleDec;-10,90
16.5.18 19:49:0 ;AngleDec;-10,77
16.5.18 19:50:0 ;AngleDec;-10,63
16.5.18 19:51:0 ;AngleDec;-10,50
16.5.18 19:52:0 ;AngleDec;-10,36
16.5.18 19:53:0 ;AngleDec;-10,23
16.5.18 19:54:0 ;AngleDec;-10,09
16.5.18 19:55:0 ;AngleDec;-9,96
16.5.18 19:56:0 ;AngleDec;-9,82
16.5.18 19:57:0 ;AngleDec;-9,69
16.5.18 19:58:0 ;AngleDec;-9,55
16.5.18 19:59:0 ;AngleDec;-9,42
16.5.18 20:0:0 ;AngleDec;-9,28
16.5.18 20:1:0 ;AngleDec;-9,15
16.5.18 20:2:0 ;AngleDec;-9,01
16.5.18 20:3:0 ;AngleDec;-8,88
16.5.18 20:4:0 ;AngleDec;-8,74
16.5.18 20:5:0 ;AngleDec;-8,61
16.5.18 20:6:0 ;AngleDec;-8,47
16.5.18 20:7:0 ;AngleDec;-8,34
16.5.18 20:8:0 ;AngleDec;-8,20
16.5.18 20:9:0 ;AngleDec;-8,07
16.5.18 20:10:0 ;AngleDec;-7,93
16.5.18 20:11:0 ;AngleDec;-7,80
16.5.18 20:12:0 ;AngleDec;-7,66
16.5.18 20:13:0 ;AngleDec;-7,52
16.5.18 20:14:0 ;AngleDec;-7,39
16.5.18 20:15:0 ;AngleDec;-7,25
16.5.18 20:16:0 ;AngleDec;-7,12
16.5.18 20:17:0 ;AngleDec;-6,98
16.5.18 20:18:0 ;AngleDec;-6,84
16.5.18 20:19:0 ;AngleDec;-6,71
16.5.18 20:20:0 ;AngleDec;-6,57
16.5.18 20:21:0 ;AngleDec;-6,43
16.5.18 20:22:0 ;AngleDec;-6,30
16.5.18 20:23:0 ;AngleDec;-6,16
16.5.18 20:24:0 ;AngleDec;-6,02
16.5.18 20:25:0 ;AngleDec;-5,89
16.5.18 20:26:0 ;AngleDec;-5,75
16.5.18 20:27:0 ;AngleDec;-5,61
16.5.18 20:28:0 ;AngleDec;-5,47
16.5.18 20:29:0 ;AngleDec;-5,34
16.5.18 20:30:0 ;AngleDec;-5,20
16.5.18 20:31:0 ;AngleDec;-5,06
16.5.18 20:32:0 ;AngleDec;-4,92
16.5.18 20:33:0 ;AngleDec;-4,78
16.5.18 20:34:0 ;AngleDec;-4,65
16.5.18 20:35:0 ;AngleDec;-4,51
16.5.18 20:36:0 ;AngleDec;-4,37
16.5.18 20:37:0 ;AngleDec;-4,23
16.5.18 20:38:0 ;AngleDec;-4,09
16.5.18 20:39:0 ;AngleDec;-3,95
16.5.18 20:40:0 ;AngleDec;-3,81
16.5.18 20:41:0 ;AngleDec;-3,67
16.5.18 20:42:0 ;AngleDec;-3,53
16.5.18 20:43:0 ;AngleDec;-3,39
16.5.18 20:44:0 ;AngleDec;-3,25
16.5.18 20:45:0 ;AngleDec;-3,11
16.5.18 20:46:0 ;AngleDec;-2,97
16.5.18 20:47:0 ;AngleDec;-2,83
16.5.18 20:48:0 ;AngleDec;-2,68
16.5.18 20:49:0 ;AngleDec;-2,54
16.5.18 20:50:0 ;AngleDec;-2,40
16.5.18 20:51:0 ;AngleDec;-2,26
16.5.18 20:52:0 ;AngleDec;-2,12
16.5.18 20:53:0 ;AngleDec;-1,97
16.5.18 20:54:0 ;AngleDec;-1,83
16.5.18 20:55:0 ;AngleDec;-1,69
16.5.18 20:56:0 ;AngleDec;-1,54
16.5.18 20:57:0 ;AngleDec;-1,40
16.5.18 20:58:0 ;AngleDec;-1,26
16.5.18 20:59:0 ;AngleDec;-1,11
16.5.18 21:0:0 ;AngleDec;-0,97
16.5.18 21:1:0 ;AngleDec;-0,82
16.5.18 21:2:0 ;AngleDec;-0,68
16.5.18 21:3:0 ;AngleDec;-0,53
16.5.18 21:4:0 ;AngleDec;-0,38
16.5.18 21:5:0 ;AngleDec;-0,24
16.5.18 21:6:0 ;AngleDec;-0,09
16.5.18 21:7:0 ;AngleDec;0,06
16.5.18 21:8:0 ;AngleDec;0,20
16.5.18 21:9:0 ;AngleDec;0,35
16.5.18 21:10:0 ;AngleDec;0,50
16.5.18 21:11:0 ;AngleDec;0,65
16.5.18 21:12:0 ;AngleDec;0,80
16.5.18 21:13:0 ;AngleDec;0,95
16.5.18 21:14:0 ;AngleDec;1,10
16.5.18 21:15:0 ;AngleDec;1,25
16.5.18 21:16:0 ;AngleDec;1,40
16.5.18 21:17:0 ;AngleDec;1,55
16.5.18 21:18:0 ;AngleDec;1,70
16.5.18 21:19:0 ;AngleDec;1,85
16.5.18 21:20:0 ;AngleDec;2,00
16.5.18 21:21:0 ;AngleDec;2,16
16.5.18 21:22:0 ;AngleDec;2,31
16.5.18 21:23:0 ;AngleDec;2,46
16.5.18 21:24:0 ;AngleDec;2,62
16.5.18 21:25:0 ;AngleDec;2,77
16.5.18 21:26:0 ;AngleDec;2,93
16.5.18 21:27:0 ;AngleDec;3,08
16.5.18 21:28:0 ;AngleDec;3,24
16.5.18 21:29:0 ;AngleDec;3,39
16.5.18 21:30:0 ;AngleDec;3,55
16.5.18 21:31:0 ;AngleDec;3,71
16.5.18 21:32:0 ;AngleDec;3,86
16.5.18 21:33:0 ;AngleDec;4,02
16.5.18 21:34:0 ;AngleDec;4,18
16.5.18 21:35:0 ;AngleDec;4,34
16.5.18 21:36:0 ;AngleDec;4,50
16.5.18 21:37:0 ;AngleDec;4,66
16.5.18 21:38:0 ;AngleDec;4,82
16.5.18 21:39:0 ;AngleDec;4,99
16.5.18 21:40:0 ;AngleDec;5,15
16.5.18 21:41:0 ;AngleDec;5,31
16.5.18 21:42:0 ;AngleDec;5,47
16.5.18 21:43:0 ;AngleDec;5,64
16.5.18 21:44:0 ;AngleDec;5,80
16.5.18 21:45:0 ;AngleDec;5,97
16.5.18 21:46:0 ;AngleDec;6,14
16.5.18 21:47:0 ;AngleDec;6,30
16.5.18 21:48:0 ;AngleDec;6,47
16.5.18 21:49:0 ;AngleDec;6,64
16.5.18 21:50:0 ;AngleDec;6,81
16.5.18 21:51:0 ;AngleDec;6,98
16.5.18 21:52:0 ;AngleDec;7,15
16.5.18 21:53:0 ;AngleDec;7,32
16.5.18 21:54:0 ;AngleDec;7,49
16.5.18 21:55:0 ;AngleDec;7,66
16.5.18 21:56:0 ;AngleDec;7,83
16.5.18 21:57:0 ;AngleDec;8,01
16.5.18 21:58:0 ;AngleDec;8,18
16.5.18 21:59:0 ;AngleDec;8,36
16.5.18 22:0:0 ;AngleDec;8,54
16.5.18 22:1:0 ;AngleDec;8,71
16.5.18 22:2:0 ;AngleDec;8,89
16.5.18 22:3:0 ;AngleDec;9,07
16.5.18 22:4:0 ;AngleDec;9,25
16.5.18 22:5:0 ;AngleDec;9,43
16.5.18 22:6:0 ;AngleDec;9,61
16.5.18 22:7:0 ;AngleDec;9,79
16.5.18 22:8:0 ;AngleDec;9,98
16.5.18 22:9:0 ;AngleDec;10,16
16.5.18 22:10:0 ;AngleDec;10,35
16.5.18 22:11:0 ;AngleDec;10,53
16.5.18 22:12:0 ;AngleDec;10,72
16.5.18 22:13:0 ;AngleDec;10,91
16.5.18 22:14:0 ;AngleDec;11,10
16.5.18 22:15:0 ;AngleDec;11,29
16.5.18 22:16:0 ;AngleDec;11,48
16.5.18 22:17:0 ;AngleDec;11,67
16.5.18 22:18:0 ;AngleDec;11,86
16.5.18 22:19:0 ;AngleDec;12,06
16.5.18 22:20:0 ;AngleDec;12,25
16.5.18 22:21:0 ;AngleDec;12,45
16.5.18 22:22:0 ;AngleDec;12,65
16.5.18 22:23:0 ;AngleDec;12,85
16.5.18 22:24:0 ;AngleDec;13,05
16.5.18 22:25:0 ;AngleDec;13,25
16.5.18 22:26:0 ;AngleDec;13,45
16.5.18 22:27:0 ;AngleDec;13,65
16.5.18 22:28:0 ;AngleDec;13,86
16.5.18 22:29:0 ;AngleDec;14,06
16.5.18 22:30:0 ;AngleDec;14,27
16.5.18 22:31:0 ;AngleDec;14,48
16.5.18 22:32:0 ;AngleDec;14,69
16.5.18 22:33:0 ;AngleDec;14,90
16.5.18 22:34:0 ;AngleDec;15,11
16.5.18 22:35:0 ;AngleDec;15,33
16.5.18 22:36:0 ;AngleDec;15,54
16.5.18 22:37:0 ;AngleDec;15,76
16.5.18 22:38:0 ;AngleDec;15,98
16.5.18 22:39:0 ;AngleDec;16,19
16.5.18 22:40:0 ;AngleDec;16,42
16.5.18 22:41:0 ;AngleDec;16,64
16.5.18 22:42:0 ;AngleDec;16,86
16.5.18 22:43:0 ;AngleDec;17,09
16.5.18 22:44:0 ;AngleDec;17,31
16.5.18 22:45:0 ;AngleDec;17,54
16.5.18 22:46:0 ;AngleDec;17,77
16.5.18 22:47:0 ;AngleDec;18,01
16.5.18 22:48:0 ;AngleDec;18,24
16.5.18 22:49:0 ;AngleDec;18,48
16.5.18 22:50:0 ;AngleDec;18,71
16.5.18 22:51:0 ;AngleDec;18,95
16.5.18 22:52:0 ;AngleDec;19,19
16.5.18 22:53:0 ;AngleDec;19,43
16.5.18 22:54:0 ;AngleDec;19,68
16.5.18 22:55:0 ;AngleDec;19,93
16.5.18 22:56:0 ;AngleDec;20,17
16.5.18 22:57:0 ;AngleDec;20,42
16.5.18 22:58:0 ;AngleDec;20,68
16.5.18 22:59:0 ;AngleDec;20,93
16.5.18 23:0:0 ;AngleDec;21,19
16.5.18 23:1:0 ;AngleDec;21,44
16.5.18 23:2:0 ;AngleDec;21,70
16.5.18 23:3:0 ;AngleDec;21,97
16.5.18 23:4:0 ;AngleDec;22,23
16.5.18 23:5:0 ;AngleDec;22,50
16.5.18 23:6:0 ;AngleDec;22,77
16.5.18 23:7:0 ;AngleDec;23,04
16.5.18 23:8:0 ;AngleDec;23,31
16.5.18 23:9:0 ;AngleDec;23,59
16.5.18 23:10:0 ;AngleDec;23,87
16.5.18 23:11:0 ;AngleDec;24,15
16.5.18 23:12:0 ;AngleDec;24,43
16.5.18 23:13:0 ;AngleDec;24,71
16.5.18 23:14:0 ;AngleDec;25,00
16.5.18 23:15:0 ;AngleDec;25,29
16.5.18 23:16:0 ;AngleDec;25,59
16.5.18 23:17:0 ;AngleDec;25,88
16.5.18 23:18:0 ;AngleDec;26,18
16.5.18 23:19:0 ;AngleDec;26,48
16.5.18 23:20:0 ;AngleDec;26,79
16.5.18 23:21:0 ;AngleDec;27,09
16.5.18 23:22:0 ;AngleDec;27,40
16.5.18 23:23:0 ;AngleDec;27,72
16.5.18 23:24:0 ;AngleDec;28,03
16.5.18 23:25:0 ;AngleDec;28,35
16.5.18 23:26:0 ;AngleDec;28,67
16.5.18 23:27:0 ;AngleDec;29,00
16.5.18 23:28:0 ;AngleDec;29,33
16.5.18 23:29:0 ;AngleDec;29,66
16.5.18 23:30:0 ;AngleDec;29,99
16.5.18 23:31:0 ;AngleDec;30,33
16.5.18 23:32:0 ;AngleDec;30,67
16.5.18 23:33:0 ;AngleDec;31,02
16.5.18 23:34:0 ;AngleDec;31,36
16.5.18 23:35:0 ;AngleDec;31,71
16.5.18 23:36:0 ;AngleDec;32,07
16.5.18 23:37:0 ;AngleDec;32,43
16.5.18 23:38:0 ;AngleDec;32,79
16.5.18 23:39:0 ;AngleDec;33,16
16.5.18 23:40:0 ;AngleDec;33,53
16.5.18 23:41:0 ;AngleDec;33,90
16.5.18 23:42:0 ;AngleDec;34,28
16.5.18 23:43:0 ;AngleDec;34,66
16.5.18 23:44:0 ;AngleDec;35,05
16.5.18 23:45:0 ;AngleDec;35,44
16.5.18 23:46:0 ;AngleDec;35,83
16.5.18 23:47:0 ;AngleDec;36,23
16.5.18 23:48:0 ;AngleDec;36,63
16.5.18 23:49:0 ;AngleDec;37,04
16.5.18 23:50:0 ;AngleDec;37,45
16.5.18 23:51:0 ;AngleDec;37,87
16.5.18 23:52:0 ;AngleDec;38,29
16.5.18 23:53:0 ;AngleDec;38,71
16.5.18 23:54:0 ;AngleDec;39,14
16.5.18 23:55:0 ;AngleDec;39,58
16.5.18 23:56:0 ;AngleDec;40,02
16.5.18 23:57:0 ;AngleDec;40,46
16.5.18 23:58:0 ;AngleDec;40,91
16.5.18 23:59:0 ;AngleDec;41,37
16.5.18 24:0:0 ;AngleDec;41,83
16.5.18 24:1:0 ;AngleDec;42,29
16.5.18 24:2:0 ;AngleDec;42,76
16.5.18 24:3:0 ;AngleDec;43,23
16.5.18 24:4:0 ;AngleDec;43,71
16.5.18 24:5:0 ;AngleDec;44,20
16.5.18 24:6:0 ;AngleDec;44,69
16.5.18 24:7:0 ;AngleDec;45,19
16.5.18 24:8:0 ;AngleDec;45,69
16.5.18 24:9:0 ;AngleDec;46,20
16.5.18 24:10:0 ;AngleDec;46,71
16.5.18 24:11:0 ;AngleDec;47,23
16.5.18 24:12:0 ;AngleDec;47,75
16.5.18 24:13:0 ;AngleDec;48,28
16.5.18 24:14:0 ;AngleDec;48,82
16.5.18 24:15:0 ;AngleDec;49,36
16.5.18 24:16:0 ;AngleDec;49,91
16.5.18 24:17:0 ;AngleDec;50,47
16.5.18 24:18:0 ;AngleDec;51,03
16.5.18 24:19:0 ;AngleDec;51,59
16.5.18 24:20:0 ;AngleDec;52,17
16.5.18 24:21:0 ;AngleDec;52,75
16.5.18 24:22:0 ;AngleDec;53,33
16.5.18 24:23:0 ;AngleDec;53,92
16.5.18 24:24:0 ;AngleDec;54,52
16.5.18 24:25:0 ;AngleDec;55,12
16.5.18 24:26:0 ;AngleDec;55,74
16.5.18 24:27:0 ;AngleDec;56,35
16.5.18 24:28:0 ;AngleDec;56,97
16.5.18 24:29:0 ;AngleDec;57,60
16.5.18 24:30:0 ;AngleDec;58,24
16.5.18 24:31:0 ;AngleDec;58,88
16.5.18 24:32:0 ;AngleDec;59,53
16.5.18 24:33:0 ;AngleDec;60,19
16.5.18 24:34:0 ;AngleDec;60,85
16.5.18 24:35:0 ;AngleDec;61,51
16.5.18 24:36:0 ;AngleDec;62,19
16.5.18 24:37:0 ;AngleDec;62,87
16.5.18 24:38:0 ;AngleDec;63,55
16.5.18 24:39:0 ;AngleDec;64,24
16.5.18 24:40:0 ;AngleDec;64,94
16.5.18 24:41:0 ;AngleDec;65,65
16.5.18 24:42:0 ;AngleDec;66,36
16.5.18 24:43:0 ;AngleDec;67,07
16.5.18 24:44:0 ;AngleDec;67,79
16.5.18 24:45:0 ;AngleDec;68,52
16.5.18 24:46:0 ;AngleDec;69,25
16.5.18 24:47:0 ;AngleDec;69,99
16.5.18 24:48:0 ;AngleDec;70,73
16.5.18 24:49:0 ;AngleDec;71,48
16.5.18 24:50:0 ;AngleDec;72,23
16.5.18 24:51:0 ;AngleDec;72,99
16.5.18 24:52:0 ;AngleDec;73,76
16.5.18 24:53:0 ;AngleDec;74,52
16.5.18 24:54:0 ;AngleDec;75,29
16.5.18 24:55:0 ;AngleDec;76,07
16.5.18 24:56:0 ;AngleDec;76,85
16.5.18 24:57:0 ;AngleDec;77,63
16.5.18 24:58:0 ;AngleDec;78,42
16.5.18 24:59:0 ;AngleDec;79,21
16.5.18 25:0:0 ;AngleDec;80,01
16.5.18 25:1:0 ;AngleDec;80,80
16.5.18 25:2:0 ;AngleDec;81,60
16.5.18 25:3:0 ;AngleDec;82,41
16.5.18 25:4:0 ;AngleDec;83,21
16.5.18 25:5:0 ;AngleDec;84,02
16.5.18 25:6:0 ;AngleDec;84,83
16.5.18 25:7:0 ;AngleDec;85,64
16.5.18 25:8:0 ;AngleDec;86,45
16.5.18 25:9:0 ;AngleDec;87,26
16.5.18 25:10:0 ;AngleDec;88,07
16.5.18 25:11:0 ;AngleDec;88,89
16.5.18 25:12:0 ;AngleDec;89,70
16.5.18 25:13:0 ;AngleDec;-89,48
16.5.18 25:14:0 ;AngleDec;-88,67
16.5.18 25:15:0 ;AngleDec;-87,85
16.5.18 25:16:0 ;AngleDec;-87,04
16.5.18 25:17:0 ;AngleDec;-86,23
16.5.18 25:18:0 ;AngleDec;-85,42
16.5.18 25:19:0 ;AngleDec;-84,61
16.5.18 25:20:0 ;AngleDec;-83,80
16.5.18 25:21:0 ;AngleDec;-82,99
16.5.18 25:22:0 ;AngleDec;-82,19
16.5.18 25:23:0 ;AngleDec;-81,38
16.5.18 25:24:0 ;AngleDec;-80,59
16.5.18 25:25:0 ;AngleDec;-79,79
16.5.18 25:26:0 ;AngleDec;-79,00
16.5.18 25:27:0 ;AngleDec;-78,21
16.5.18 25:28:0 ;AngleDec;-77,42
16.5.18 25:29:0 ;AngleDec;-76,64
16.5.18 25:30:0 ;AngleDec;-75,86
16.5.18 25:31:0 ;AngleDec;-75,08
16.5.18 25:32:0 ;AngleDec;-74,31
16.5.18 25:33:0 ;AngleDec;-73,54
16.5.18 25:34:0 ;AngleDec;-72,78
16.5.18 25:35:0 ;AngleDec;-72,02
16.5.18 25:36:0 ;AngleDec;-71,27
16.5.18 25:37:0 ;AngleDec;-70,52
16.5.18 25:38:0 ;AngleDec;-69,78
16.5.18 25:39:0 ;AngleDec;-69,05
16.5.18 25:40:0 ;AngleDec;-68,31
16.5.18 25:41:0 ;AngleDec;-67,59
16.5.18 25:42:0 ;AngleDec;-66,87
16.5.18 25:43:0 ;AngleDec;-66,15
16.5.18 25:44:0 ;AngleDec;-65,44
16.5.18 25:45:0 ;AngleDec;-64,74
16.5.18 25:46:0 ;AngleDec;-64,04
16.5.18 25:47:0 ;AngleDec;-63,35
16.5.18 25:48:0 ;AngleDec;-62,67
16.5.18 25:49:0 ;AngleDec;-61,99
16.5.18 25:50:0 ;AngleDec;-61,32
16.5.18 25:51:0 ;AngleDec;-60,65
16.5.18 25:52:0 ;AngleDec;-59,99
16.5.18 25:53:0 ;AngleDec;-59,34
16.5.18 25:54:0 ;AngleDec;-58,69
16.5.18 25:55:0 ;AngleDec;-58,05
16.5.18 25:56:0 ;AngleDec;-57,41
16.5.18 25:57:0 ;AngleDec;-56,79
16.5.18 25:58:0 ;AngleDec;-56,16
16.5.18 25:59:0 ;AngleDec;-55,55
17.5.18 2:0:0 ;AngleDec;-54,94
17.5.18 2:1:0 ;AngleDec;-54,34
17.5.18 2:2:0 ;AngleDec;-53,74
17.5.18 2:3:0 ;AngleDec;-53,15
17.5.18 2:4:0 ;AngleDec;-52,56
17.5.18 2:5:0 ;AngleDec;-51,99
17.5.18 2:6:0 ;AngleDec;-51,41
17.5.18 2:7:0 ;AngleDec;-50,85
17.5.18 2:8:0 ;AngleDec;-50,29
17.5.18 2:9:0 ;AngleDec;-49,74
17.5.18 2:10:0 ;AngleDec;-49,19
17.5.18 2:11:0 ;AngleDec;-48,65
17.5.18 2:12:0 ;AngleDec;-48,11
17.5.18 2:13:0 ;AngleDec;-47,58
17.5.18 2:14:0 ;AngleDec;-47,06
17.5.18 2:15:0 ;AngleDec;-46,54
17.5.18 2:16:0 ;AngleDec;-46,03
17.5.18 2:17:0 ;AngleDec;-45,52
17.5.18 2:18:0 ;AngleDec;-45,02
17.5.18 2:19:0 ;AngleDec;-44,52
17.5.18 2:20:0 ;AngleDec;-44,03
17.5.18 2:21:0 ;AngleDec;-43,55
17.5.18 2:22:0 ;AngleDec;-43,07
17.5.18 2:23:0 ;AngleDec;-42,60
17.5.18 2:24:0 ;AngleDec;-42,13
17.5.18 2:25:0 ;AngleDec;-41,66
17.5.18 2:26:0 ;AngleDec;-41,21
17.5.18 2:27:0 ;AngleDec;-40,75
17.5.18 2:28:0 ;AngleDec;-40,30
17.5.18 2:29:0 ;AngleDec;-39,86
17.5.18 2:30:0 ;AngleDec;-39,42
17.5.18 2:31:0 ;AngleDec;-38,99
17.5.18 2:32:0 ;AngleDec;-38,56
17.5.18 2:33:0 ;AngleDec;-38,13
17.5.18 2:34:0 ;AngleDec;-37,71
17.5.18 2:35:0 ;AngleDec;-37,30
17.5.18 2:36:0 ;AngleDec;-36,89
17.5.18 2:37:0 ;AngleDec;-36,48
17.5.18 2:38:0 ;AngleDec;-36,08
17.5.18 2:39:0 ;AngleDec;-35,68
17.5.18 2:40:0 ;AngleDec;-35,29
17.5.18 2:41:0 ;AngleDec;-34,90
17.5.18 2:42:0 ;AngleDec;-34,51
17.5.18 2:43:0 ;AngleDec;-34,13
17.5.18 2:44:0 ;AngleDec;-33,75
17.5.18 2:45:0 ;AngleDec;-33,38
17.5.18 2:46:0 ;AngleDec;-33,01
17.5.18 2:47:0 ;AngleDec;-32,65
17.5.18 2:48:0 ;AngleDec;-32,28
17.5.18 2:49:0 ;AngleDec;-31,93
17.5.18 2:50:0 ;AngleDec;-31,57
17.5.18 2:51:0 ;AngleDec;-31,22
17.5.18 2:52:0 ;AngleDec;-30,87
17.5.18 2:53:0 ;AngleDec;-30,53
17.5.18 2:54:0 ;AngleDec;-30,19
17.5.18 2:55:0 ;AngleDec;-29,85
17.5.18 2:56:0 ;AngleDec;-29,52
17.5.18 2:57:0 ;AngleDec;-29,18
17.5.18 2:58:0 ;AngleDec;-28,86
17.5.18 2:59:0 ;AngleDec;-28,53
17.5.18 3:0:0 ;AngleDec;-28,21
17.5.18 3:1:0 ;AngleDec;-27,89
17.5.18 3:2:0 ;AngleDec;-27,58
17.5.18 3:3:0 ;AngleDec;-27,27
17.5.18 3:4:0 ;AngleDec;-26,96
17.5.18 3:5:0 ;AngleDec;-26,65
17.5.18 3:6:0 ;AngleDec;-26,35
17.5.18 3:7:0 ;AngleDec;-26,04
17.5.18 3:8:0 ;AngleDec;-25,75
17.5.18 3:9:0 ;AngleDec;-25,45
17.5.18 3:10:0 ;AngleDec;-25,16
17.5.18 3:11:0 ;AngleDec;-24,87
17.5.18 3:12:0 ;AngleDec;-24,58
17.5.18 3:13:0 ;AngleDec;-24,30
17.5.18 3:14:0 ;AngleDec;-24,01
17.5.18 3:15:0 ;AngleDec;-23,73
17.5.18 3:16:0 ;AngleDec;-23,45
17.5.18 3:17:0 ;AngleDec;-23,18
17.5.18 3:18:0 ;AngleDec;-22,91
17.5.18 3:19:0 ;AngleDec;-22,63
17.5.18 3:20:0 ;AngleDec;-22,37
17.5.18 3:21:0 ;AngleDec;-22,10
17.5.18 3:22:0 ;AngleDec;-21,84
17.5.18 3:23:0 ;AngleDec;-21,57
17.5.18 3:24:0 ;AngleDec;-21,31
17.5.18 3:25:0 ;AngleDec;-21,06
17.5.18 3:26:0 ;AngleDec;-20,80
17.5.18 3:27:0 ;AngleDec;-20,55
17.5.18 3:28:0 ;AngleDec;-20,29
17.5.18 3:29:0 ;AngleDec;-20,04
17.5.18 3:30:0 ;AngleDec;-19,80
17.5.18 3:31:0 ;AngleDec;-19,55
17.5.18 3:32:0 ;AngleDec;-19,31
17.5.18 3:33:0 ;AngleDec;-19,06
17.5.18 3:34:0 ;AngleDec;-18,82
17.5.18 3:35:0 ;AngleDec;-18,59
17.5.18 3:36:0 ;AngleDec;-18,35
17.5.18 3:37:0 ;AngleDec;-18,11
17.5.18 3:38:0 ;AngleDec;-17,88
17.5.18 3:39:0 ;AngleDec;-17,65
17.5.18 3:40:0 ;AngleDec;-17,42
17.5.18 3:41:0 ;AngleDec;-17,19
17.5.18 3:42:0 ;AngleDec;-16,96
17.5.18 3:43:0 ;AngleDec;-16,74
17.5.18 3:44:0 ;AngleDec;-16,51
17.5.18 3:45:0 ;AngleDec;-16,29
17.5.18 3:46:0 ;AngleDec;-16,07
17.5.18 3:47:0 ;AngleDec;-15,85
17.5.18 3:48:0 ;AngleDec;-15,63
17.5.18 3:49:0 ;AngleDec;-15,42
17.5.18 3:50:0 ;AngleDec;-15,20
17.5.18 3:51:0 ;AngleDec;-14,99
17.5.18 3:52:0 ;AngleDec;-14,78
17.5.18 3:53:0 ;AngleDec;-14,56
17.5.18 3:54:0 ;AngleDec;-14,35
17.5.18 3:55:0 ;AngleDec;-14,15
17.5.18 3:56:0 ;AngleDec;-13,94
17.5.18 3:57:0 ;AngleDec;-13,73
17.5.18 3:58:0 ;AngleDec;-13,53
17.5.18 3:59:0 ;AngleDec;-13,33
17.5.18 4:0:0 ;AngleDec;-13,12
17.5.18 4:1:0 ;AngleDec;-12,92
17.5.18 4:2:0 ;AngleDec;-12,72
17.5.18 4:3:0 ;AngleDec;-12,52
17.5.18 4:4:0 ;AngleDec;-12,33
17.5.18 4:5:0 ;AngleDec;-12,13
17.5.18 4:6:0 ;AngleDec;-11,94
17.5.18 4:7:0 ;AngleDec;-11,74
17.5.18 4:8:0 ;AngleDec;-11,55
17.5.18 4:9:0 ;AngleDec;-11,36
17.5.18 4:10:0 ;AngleDec;-11,17
17.5.18 4:11:0 ;AngleDec;-10,98
17.5.18 4:12:0 ;AngleDec;-10,79
17.5.18 4:13:0 ;AngleDec;-10,60
17.5.18 4:14:0 ;AngleDec;-10,41
17.5.18 4:15:0 ;AngleDec;-10,23
17.5.18 4:16:0 ;AngleDec;-10,04
17.5.18 4:17:0 ;AngleDec;-9,86
17.5.18 4:18:0 ;AngleDec;-9,67
17.5.18 4:19:0 ;AngleDec;-9,49
17.5.18 4:20:0 ;AngleDec;-9,31
17.5.18 4:21:0 ;AngleDec;-9,13
17.5.18 4:22:0 ;AngleDec;-8,95
17.5.18 4:23:0 ;AngleDec;-8,77
17.5.18 4:24:0 ;AngleDec;-8,59
17.5.18 4:25:0 ;AngleDec;-8,42
17.5.18 4:26:0 ;AngleDec;-8,24
17.5.18 4:27:0 ;AngleDec;-8,06
17.5.18 4:28:0 ;AngleDec;-7,89
17.5.18 4:29:0 ;AngleDec;-7,72
17.5.18 4:30:0 ;AngleDec;-7,54
17.5.18 4:31:0 ;AngleDec;-7,37
17.5.18 4:32:0 ;AngleDec;-7,20
17.5.18 4:33:0 ;AngleDec;-7,03
17.5.18 4:34:0 ;AngleDec;-6,86
17.5.18 4:35:0 ;AngleDec;-6,69
17.5.18 4:36:0 ;AngleDec;-6,52
17.5.18 4:37:0 ;AngleDec;-6,35
17.5.18 4:38:0 ;AngleDec;-6,18
17.5.18 4:39:0 ;AngleDec;-6,02
17.5.18 4:40:0 ;AngleDec;-5,85
17.5.18 4:41:0 ;AngleDec;-5,68
17.5.18 4:42:0 ;AngleDec;-5,52
17.5.18 4:43:0 ;AngleDec;-5,36
17.5.18 4:44:0 ;AngleDec;-5,19
17.5.18 4:45:0 ;AngleDec;-5,03
17.5.18 4:46:0 ;AngleDec;-4,87
17.5.18 4:47:0 ;AngleDec;-4,70
17.5.18 4:48:0 ;AngleDec;-4,54
17.5.18 4:49:0 ;AngleDec;-4,38
17.5.18 4:50:0 ;AngleDec;-4,22
17.5.18 4:51:0 ;AngleDec;-4,06
17.5.18 4:52:0 ;AngleDec;-3,90
17.5.18 4:53:0 ;AngleDec;-3,75
17.5.18 4:54:0 ;AngleDec;-3,59
17.5.18 4:55:0 ;AngleDec;-3,43
17.5.18 4:56:0 ;AngleDec;-3,27
17.5.18 4:57:0 ;AngleDec;-3,12
17.5.18 4:58:0 ;AngleDec;-2,96
17.5.18 4:59:0 ;AngleDec;-2,81
17.5.18 5:0:0 ;AngleDec;-2,65
17.5.18 5:1:0 ;AngleDec;-2,50
17.5.18 5:2:0 ;AngleDec;-2,34
17.5.18 5:3:0 ;AngleDec;-2,19
17.5.18 5:4:0 ;AngleDec;-2,04
17.5.18 5:5:0 ;AngleDec;-1,88
17.5.18 5:6:0 ;AngleDec;-1,73
17.5.18 5:7:0 ;AngleDec;-1,58
17.5.18 5:8:0 ;AngleDec;-1,43
17.5.18 5:9:0 ;AngleDec;-1,28
17.5.18 5:10:0 ;AngleDec;-1,13
17.5.18 5:11:0 ;AngleDec;-0,98
17.5.18 5:12:0 ;AngleDec;-0,83
17.5.18 5:13:0 ;AngleDec;-0,68
17.5.18 5:14:0 ;AngleDec;-0,53
17.5.18 5:15:0 ;AngleDec;-0,38
17.5.18 5:16:0 ;AngleDec;-0,23
17.5.18 5:17:0 ;AngleDec;-0,08
17.5.18 5:18:0 ;AngleDec;0,06
17.5.18 5:19:0 ;AngleDec;0,21
17.5.18 5:20:0 ;AngleDec;0,36
17.5.18 5:21:0 ;AngleDec;0,50
17.5.18 5:22:0 ;AngleDec;0,65
17.5.18 5:23:0 ;AngleDec;0,80
17.5.18 5:24:0 ;AngleDec;0,94
17.5.18 5:25:0 ;AngleDec;1,09
17.5.18 5:26:0 ;AngleDec;1,23
17.5.18 5:27:0 ;AngleDec;1,38
17.5.18 5:28:0 ;AngleDec;1,52
17.5.18 5:29:0 ;AngleDec;1,66
17.5.18 5:30:0 ;AngleDec;1,81
17.5.18 5:31:0 ;AngleDec;1,95
17.5.18 5:32:0 ;AngleDec;2,09
17.5.18 5:33:0 ;AngleDec;2,24
17.5.18 5:34:0 ;AngleDec;2,38
17.5.18 5:35:0 ;AngleDec;2,52
17.5.18 5:36:0 ;AngleDec;2,66
17.5.18 5:37:0 ;AngleDec;2,81
17.5.18 5:38:0 ;AngleDec;2,95
17.5.18 5:39:0 ;AngleDec;3,09
17.5.18 5:40:0 ;AngleDec;3,23
17.5.18 5:41:0 ;AngleDec;3,37
17.5.18 5:42:0 ;AngleDec;3,51
17.5.18 5:43:0 ;AngleDec;3,65
17.5.18 5:44:0 ;AngleDec;3,79
17.5.18 5:45:0 ;AngleDec;3,93
17.5.18 5:46:0 ;AngleDec;4,07
17.5.18 5:47:0 ;AngleDec;4,21
17.5.18 5:48:0 ;AngleDec;4,35
17.5.18 5:49:0 ;AngleDec;4,49
17.5.18 5:50:0 ;AngleDec;4,63
17.5.18 5:51:0 ;AngleDec;4,77
17.5.18 5:52:0 ;AngleDec;4,91
17.5.18 5:53:0 ;AngleDec;5,04
17.5.18 5:54:0 ;AngleDec;5,18
17.5.18 5:55:0 ;AngleDec;5,32
17.5.18 5:56:0 ;AngleDec;5,46
17.5.18 5:57:0 ;AngleDec;5,60
17.5.18 5:58:0 ;AngleDec;5,73
17.5.18 5:59:0 ;AngleDec;5,87
17.5.18 6:0:0 ;AngleDec;6,01
17.5.18 6:1:0 ;AngleDec;6,15
17.5.18 6:2:0 ;AngleDec;6,28
17.5.18 6:3:0 ;AngleDec;6,42
17.5.18 6:4:0 ;AngleDec;6,56
17.5.18 6:5:0 ;AngleDec;6,69
17.5.18 6:6:0 ;AngleDec;6,83
17.5.18 6:7:0 ;AngleDec;6,97
17.5.18 6:8:0 ;AngleDec;7,10
17.5.18 6:9:0 ;AngleDec;7,24
17.5.18 6:10:0 ;AngleDec;7,38
17.5.18 6:11:0 ;AngleDec;7,51
17.5.18 6:12:0 ;AngleDec;7,65
17.5.18 6:13:0 ;AngleDec;7,78
17.5.18 6:14:0 ;AngleDec;7,92
17.5.18 6:15:0 ;AngleDec;8,06
17.5.18 6:16:0 ;AngleDec;8,19
17.5.18 6:17:0 ;AngleDec;8,33
17.5.18 6:18:0 ;AngleDec;8,46
17.5.18 6:19:0 ;AngleDec;8,60
17.5.18 6:20:0 ;AngleDec;8,73
17.5.18 6:21:0 ;AngleDec;8,87
17.5.18 6:22:0 ;AngleDec;9,00
17.5.18 6:23:0 ;AngleDec;9,14
17.5.18 6:24:0 ;AngleDec;9,27
17.5.18 6:25:0 ;AngleDec;9,41
17.5.18 6:26:0 ;AngleDec;9,54
17.5.18 6:27:0 ;AngleDec;9,68
17.5.18 6:28:0 ;AngleDec;9,81
17.5.18 6:29:0 ;AngleDec;9,95
17.5.18 6:30:0 ;AngleDec;10,08
17.5.18 6:31:0 ;AngleDec;10,22
17.5.18 6:32:0 ;AngleDec;10,35
17.5.18 6:33:0 ;AngleDec;10,49
17.5.18 6:34:0 ;AngleDec;10,62
17.5.18 6:35:0 ;AngleDec;10,76
17.5.18 6:36:0 ;AngleDec;10,89
17.5.18 6:37:0 ;AngleDec;11,03
17.5.18 6:38:0 ;AngleDec;11,16
17.5.18 6:39:0 ;AngleDec;11,30
17.5.18 6:40:0 ;AngleDec;11,43
17.5.18 6:41:0 ;AngleDec;11,57
17.5.18 6:42:0 ;AngleDec;11,70
17.5.18 6:43:0 ;AngleDec;11,83
17.5.18 6:44:0 ;AngleDec;11,97
17.5.18 6:45:0 ;AngleDec;12,10
17.5.18 6:46:0 ;AngleDec;12,24
17.5.18 6:47:0 ;AngleDec;12,37
17.5.18 6:48:0 ;AngleDec;12,51
17.5.18 6:49:0 ;AngleDec;12,64
17.5.18 6:50:0 ;AngleDec;12,78
17.5.18 6:51:0 ;AngleDec;12,91
17.5.18 6:52:0 ;AngleDec;13,05
17.5.18 6:53:0 ;AngleDec;13,18
17.5.18 6:54:0 ;AngleDec;13,32
17.5.18 6:55:0 ;AngleDec;13,45
17.5.18 6:56:0 ;AngleDec;13,59
17.5.18 6:57:0 ;AngleDec;13,72
17.5.18 6:58:0 ;AngleDec;13,86
17.5.18 6:59:0 ;AngleDec;13,99
17.5.18 7:0:0 ;AngleDec;14,13
17.5.18 7:1:0 ;AngleDec;14,27
17.5.18 7:2:0 ;AngleDec;14,40
17.5.18 7:3:0 ;AngleDec;14,54
17.5.18 7:4:0 ;AngleDec;14,67
17.5.18 7:5:0 ;AngleDec;14,81
17.5.18 7:6:0 ;AngleDec;14,94
17.5.18 7:7:0 ;AngleDec;15,08
17.5.18 7:8:0 ;AngleDec;15,22
17.5.18 7:9:0 ;AngleDec;15,35
17.5.18 7:10:0 ;AngleDec;15,49
17.5.18 7:11:0 ;AngleDec;15,62
17.5.18 7:12:0 ;AngleDec;15,76
17.5.18 7:13:0 ;AngleDec;15,90
17.5.18 7:14:0 ;AngleDec;16,03
17.5.18 7:15:0 ;AngleDec;16,17
17.5.18 7:16:0 ;AngleDec;16,31
17.5.18 7:17:0 ;AngleDec;16,44
17.5.18 7:18:0 ;AngleDec;16,58
17.5.18 7:19:0 ;AngleDec;16,72
17.5.18 7:20:0 ;AngleDec;16,86
17.5.18 7:21:0 ;AngleDec;16,99
17.5.18 7:22:0 ;AngleDec;17,13
17.5.18 7:23:0 ;AngleDec;17,27
17.5.18 7:24:0 ;AngleDec;17,41
17.5.18 7:25:0 ;AngleDec;17,54
17.5.18 7:26:0 ;AngleDec;17,68
17.5.18 7:27:0 ;AngleDec;17,82
17.5.18 7:28:0 ;AngleDec;17,96
17.5.18 7:29:0 ;AngleDec;18,10
17.5.18 7:30:0 ;AngleDec;18,24
17.5.18 7:31:0 ;AngleDec;18,37
17.5.18 7:32:0 ;AngleDec;18,51
17.5.18 7:33:0 ;AngleDec;18,65
17.5.18 7:34:0 ;AngleDec;18,79
17.5.18 7:35:0 ;AngleDec;18,93
17.5.18 7:36:0 ;AngleDec;19,07
17.5.18 7:37:0 ;AngleDec;19,21
17.5.18 7:38:0 ;AngleDec;19,35
17.5.18 7:39:0 ;AngleDec;19,49
17.5.18 7:40:0 ;AngleDec;19,63
17.5.18 7:41:0 ;AngleDec;19,77
17.5.18 7:42:0 ;AngleDec;19,91
17.5.18 7:43:0 ;AngleDec;20,05
17.5.18 7:44:0 ;AngleDec;20,19
17.5.18 7:45:0 ;AngleDec;20,34
17.5.18 7:46:0 ;AngleDec;20,48
17.5.18 7:47:0 ;AngleDec;20,62
17.5.18 7:48:0 ;AngleDec;20,76
17.5.18 7:49:0 ;AngleDec;20,90
17.5.18 7:50:0 ;AngleDec;21,04
17.5.18 7:51:0 ;AngleDec;21,19
17.5.18 7:52:0 ;AngleDec;21,33
17.5.18 7:53:0 ;AngleDec;21,47
17.5.18 7:54:0 ;AngleDec;21,62
17.5.18 7:55:0 ;AngleDec;21,76
17.5.18 7:56:0 ;AngleDec;21,90
17.5.18 7:57:0 ;AngleDec;22,05
17.5.18 7:58:0 ;AngleDec;22,19
17.5.18 7:59:0 ;AngleDec;22,33
17.5.18 8:0:0 ;AngleDec;22,48
17.5.18 8:1:0 ;AngleDec;22,62
17.5.18 8:2:0 ;AngleDec;22,77
17.5.18 8:3:0 ;AngleDec;22,91
17.5.18 8:4:0 ;AngleDec;23,06
17.5.18 8:5:0 ;AngleDec;23,20
17.5.18 8:6:0 ;AngleDec;23,35
17.5.18 8:7:0 ;AngleDec;23,50
17.5.18 8:8:0 ;AngleDec;23,64
17.5.18 8:9:0 ;AngleDec;23,79
17.5.18 8:10:0 ;AngleDec;23,94
17.5.18 8:11:0 ;AngleDec;24,08
17.5.18 8:12:0 ;AngleDec;24,23
17.5.18 8:13:0 ;AngleDec;24,38
17.5.18 8:14:0 ;AngleDec;24,53
17.5.18 8:15:0 ;AngleDec;24,67
17.5.18 8:16:0 ;AngleDec;24,82
17.5.18 8:17:0 ;AngleDec;24,97
17.5.18 8:18:0 ;AngleDec;25,12
17.5.18 8:19:0 ;AngleDec;25,27
17.5.18 8:20:0 ;AngleDec;25,42
17.5.18 8:21:0 ;AngleDec;25,57
17.5.18 8:22:0 ;AngleDec;25,72
17.5.18 8:23:0 ;AngleDec;25,87
17.5.18 8:24:0 ;AngleDec;26,02
17.5.18 8:25:0 ;AngleDec;26,17
17.5.18 8:26:0 ;AngleDec;26,32
17.5.18 8:27:0 ;AngleDec;26,47
17.5.18 8:28:0 ;AngleDec;26,63
17.5.18 8:29:0 ;AngleDec;26,78
17.5.18 8:30:0 ;AngleDec;26,93
17.5.18 8:31:0 ;AngleDec;27,08
17.5.18 8:32:0 ;AngleDec;27,24
17.5.18 8:33:0 ;AngleDec;27,39
17.5.18 8:34:0 ;AngleDec;27,54
17.5.18 8:35:0 ;AngleDec;27,70
17.5.18 8:36:0 ;AngleDec;27,85
17.5.18 8:37:0 ;AngleDec;28,01
17.5.18 8:38:0 ;AngleDec;28,16
17.5.18 8:39:0 ;AngleDec;28,32
17.5.18 8:40:0 ;AngleDec;28,47
17.5.18 8:41:0 ;AngleDec;28,63
17.5.18 8:42:0 ;AngleDec;28,79
17.5.18 8:43:0 ;AngleDec;28,94
17.5.18 8:44:0 ;AngleDec;29,10
17.5.18 8:45:0 ;AngleDec;29,26
17.5.18 8:46:0 ;AngleDec;29,42
17.5.18 8:47:0 ;AngleDec;29,58
17.5.18 8:48:0 ;AngleDec;29,73
17.5.18 8:49:0 ;AngleDec;29,89
17.5.18 8:50:0 ;AngleDec;30,05
17.5.18 8:51:0 ;AngleDec;30,21
17.5.18 8:52:0 ;AngleDec;30,37
17.5.18 8:53:0 ;AngleDec;30,53
17.5.18 8:54:0 ;AngleDec;30,69
17.5.18 8:55:0 ;AngleDec;30,86
17.5.18 8:56:0 ;AngleDec;31,02
17.5.18 8:57:0 ;AngleDec;31,18
17.5.18 8:58:0 ;AngleDec;31,34
17.5.18 8:59:0 ;AngleDec;31,50
17.5.18 9:0:0 ;AngleDec;31,67
17.5.18 9:1:0 ;AngleDec;31,83
17.5.18 9:2:0 ;AngleDec;32,00
17.5.18 9:3:0 ;AngleDec;32,16
17.5.18 9:4:0 ;AngleDec;32,32
17.5.18 9:5:0 ;AngleDec;32,49
17.5.18 9:6:0 ;AngleDec;32,66
17.5.18 9:7:0 ;AngleDec;32,82
17.5.18 9:8:0 ;AngleDec;32,99
17.5.18 9:9:0 ;AngleDec;33,16
17.5.18 9:10:0 ;AngleDec;33,32
17.5.18 9:11:0 ;AngleDec;33,49
17.5.18 9:12:0 ;AngleDec;33,66
17.5.18 9:13:0 ;AngleDec;33,83
17.5.18 9:14:0 ;AngleDec;34,00
17.5.18 9:15:0 ;AngleDec;34,17
17.5.18 9:16:0 ;AngleDec;34,34
17.5.18 9:17:0 ;AngleDec;34,51
17.5.18 9:18:0 ;AngleDec;34,68
17.5.18 9:19:0 ;AngleDec;34,85
17.5.18 9:20:0 ;AngleDec;35,02
17.5.18 9:21:0 ;AngleDec;35,19
17.5.18 9:22:0 ;AngleDec;35,37
17.5.18 9:23:0 ;AngleDec;35,54
17.5.18 9:24:0 ;AngleDec;35,71
17.5.18 9:25:0 ;AngleDec;35,89
17.5.18 9:26:0 ;AngleDec;36,06
17.5.18 9:27:0 ;AngleDec;36,24
17.5.18 9:28:0 ;AngleDec;36,41
17.5.18 9:29:0 ;AngleDec;36,59
17.5.18 9:30:0 ;AngleDec;36,76
17.5.18 9:31:0 ;AngleDec;36,94
17.5.18 9:32:0 ;AngleDec;37,12
17.5.18 9:33:0 ;AngleDec;37,30
17.5.18 9:34:0 ;AngleDec;37,48
17.5.18 9:35:0 ;AngleDec;37,65
17.5.18 9:36:0 ;AngleDec;37,83
17.5.18 9:37:0 ;AngleDec;38,01
17.5.18 9:38:0 ;AngleDec;38,19
17.5.18 9:39:0 ;AngleDec;38,38
17.5.18 9:40:0 ;AngleDec;38,56
17.5.18 9:41:0 ;AngleDec;38,74
17.5.18 9:42:0 ;AngleDec;38,92
17.5.18 9:43:0 ;AngleDec;39,10
17.5.18 9:44:0 ;AngleDec;39,29
17.5.18 9:45:0 ;AngleDec;39,47
17.5.18 9:46:0 ;AngleDec;39,66
17.5.18 9:47:0 ;AngleDec;39,84
17.5.18 9:48:0 ;AngleDec;40,03
17.5.18 9:49:0 ;AngleDec;40,21
17.5.18 9:50:0 ;AngleDec;40,40
17.5.18 9:51:0 ;AngleDec;40,59
17.5.18 9:52:0 ;AngleDec;40,77
17.5.18 9:53:0 ;AngleDec;40,96
17.5.18 9:54:0 ;AngleDec;41,15
17.5.18 9:55:0 ;AngleDec;41,34
17.5.18 9:56:0 ;AngleDec;41,53
17.5.18 9:57:0 ;AngleDec;41,72
17.5.18 9:58:0 ;AngleDec;41,91
17.5.18 9:59:0 ;AngleDec;42,10
17.5.18 10:0:0 ;AngleDec;42,30
17.5.18 10:1:0 ;AngleDec;42,49
17.5.18 10:2:0 ;AngleDec;42,68
17.5.18 10:3:0 ;AngleDec;42,87
17.5.18 10:4:0 ;AngleDec;43,07
17.5.18 10:5:0 ;AngleDec;43,26
17.5.18 10:6:0 ;AngleDec;43,46
17.5.18 10:7:0 ;AngleDec;43,66
17.5.18 10:8:0 ;AngleDec;43,85
17.5.18 10:9:0 ;AngleDec;44,05
17.5.18 10:10:0 ;AngleDec;44,25
17.5.18 10:11:0 ;AngleDec;44,45
17.5.18 10:12:0 ;AngleDec;44,64
17.5.18 10:13:0 ;AngleDec;44,84
17.5.18 10:14:0 ;AngleDec;45,04
17.5.18 10:15:0 ;AngleDec;45,24
17.5.18 10:16:0 ;AngleDec;45,45
17.5.18 10:17:0 ;AngleDec;45,65
17.5.18 10:18:0 ;AngleDec;45,85
17.5.18 10:19:0 ;AngleDec;46,05
17.5.18 10:20:0 ;AngleDec;46,26
17.5.18 10:21:0 ;AngleDec;46,46
17.5.18 10:22:0 ;AngleDec;46,67
17.5.18 10:23:0 ;AngleDec;46,87
17.5.18 10:24:0 ;AngleDec;47,08
17.5.18 10:25:0 ;AngleDec;47,28
17.5.18 10:26:0 ;AngleDec;47,49
17.5.18 10:27:0 ;AngleDec;47,70
17.5.18 10:28:0 ;AngleDec;47,91
17.5.18 10:29:0 ;AngleDec;48,12
17.5.18 10:30:0 ;AngleDec;48,33
17.5.18 10:31:0 ;AngleDec;48,54
17.5.18 10:32:0 ;AngleDec;48,75
17.5.18 10:33:0 ;AngleDec;48,96
17.5.18 10:34:0 ;AngleDec;49,17
17.5.18 10:35:0 ;AngleDec;49,39
17.5.18 10:36:0 ;AngleDec;49,60
17.5.18 10:37:0 ;AngleDec;49,81
17.5.18 10:38:0 ;AngleDec;50,03
17.5.18 10:39:0 ;AngleDec;50,24
17.5.18 10:40:0 ;AngleDec;50,46
17.5.18 10:41:0 ;AngleDec;50,68
17.5.18 10:42:0 ;AngleDec;50,89
17.5.18 10:43:0 ;AngleDec;51,11
17.5.18 10:44:0 ;AngleDec;51,33
17.5.18 10:45:0 ;AngleDec;51,55
17.5.18 10:46:0 ;AngleDec;51,77
17.5.18 10:47:0 ;AngleDec;51,99
17.5.18 10:48:0 ;AngleDec;52,21
17.5.18 10:49:0 ;AngleDec;52,43
17.5.18 10:50:0 ;AngleDec;52,65
17.5.18 10:51:0 ;AngleDec;52,88
17.5.18 10:52:0 ;AngleDec;53,10
17.5.18 10:53:0 ;AngleDec;53,33
17.5.18 10:54:0 ;AngleDec;53,55
17.5.18 10:55:0 ;AngleDec;53,78
17.5.18 10:56:0 ;AngleDec;54,00
17.5.18 10:57:0 ;AngleDec;54,23
17.5.18 10:58:0 ;AngleDec;54,46
17.5.18 10:59:0 ;AngleDec;54,69
17.5.18 11:0:0 ;AngleDec;54,91
17.5.18 11:1:0 ;AngleDec;55,14
17.5.18 11:2:0 ;AngleDec;55,37
17.5.18 11:3:0 ;AngleDec;55,60
17.5.18 11:4:0 ;AngleDec;55,84
17.5.18 11:5:0 ;AngleDec;56,07
17.5.18 11:6:0 ;AngleDec;56,30
17.5.18 11:7:0 ;AngleDec;56,53
17.5.18 11:8:0 ;AngleDec;56,77
17.5.18 11:9:0 ;AngleDec;57,00
17.5.18 11:10:0 ;AngleDec;57,24
17.5.18 11:11:0 ;AngleDec;57,47
17.5.18 11:12:0 ;AngleDec;57,71
17.5.18 11:13:0 ;AngleDec;57,95
17.5.18 11:14:0 ;AngleDec;58,19
17.5.18 11:15:0 ;AngleDec;58,42
17.5.18 11:16:0 ;AngleDec;58,66
17.5.18 11:17:0 ;AngleDec;58,90
17.5.18 11:18:0 ;AngleDec;59,14
17.5.18 11:19:0 ;AngleDec;59,38
17.5.18 11:20:0 ;AngleDec;59,63
17.5.18 11:21:0 ;AngleDec;59,87
17.5.18 11:22:0 ;AngleDec;60,11
17.5.18 11:23:0 ;AngleDec;60,36
17.5.18 11:24:0 ;AngleDec;60,60
17.5.18 11:25:0 ;AngleDec;60,84
17.5.18 11:26:0 ;AngleDec;61,09
17.5.18 11:27:0 ;AngleDec;61,34
17.5.18 11:28:0 ;AngleDec;61,58
17.5.18 11:29:0 ;AngleDec;61,83
17.5.18 11:30:0 ;AngleDec;62,08
17.5.18 11:31:0 ;AngleDec;62,33
17.5.18 11:32:0 ;AngleDec;62,58
17.5.18 11:33:0 ;AngleDec;62,83
17.5.18 11:34:0 ;AngleDec;63,08
17.5.18 11:35:0 ;AngleDec;63,33
17.5.18 11:36:0 ;AngleDec;63,58
17.5.18 11:37:0 ;AngleDec;63,83
17.5.18 11:38:0 ;AngleDec;64,08
17.5.18 11:39:0 ;AngleDec;64,34
17.5.18 11:40:0 ;AngleDec;64,59
17.5.18 11:41:0 ;AngleDec;64,85
17.5.18 11:42:0 ;AngleDec;65,10
17.5.18 11:43:0 ;AngleDec;65,36
17.5.18 11:44:0 ;AngleDec;65,61
17.5.18 11:45:0 ;AngleDec;65,87
17.5.18 11:46:0 ;AngleDec;66,13
17.5.18 11:47:0 ;AngleDec;66,39
17.5.18 11:48:0 ;AngleDec;66,65
17.5.18 11:49:0 ;AngleDec;66,91
17.5.18 11:50:0 ;AngleDec;67,17
17.5.18 11:51:0 ;AngleDec;67,43
17.5.18 11:52:0 ;AngleDec;67,69
17.5.18 11:53:0 ;AngleDec;67,95
17.5.18 11:54:0 ;AngleDec;68,21
17.5.18 11:55:0 ;AngleDec;68,47
17.5.18 11:56:0 ;AngleDec;68,74
17.5.18 11:57:0 ;AngleDec;69,00
17.5.18 11:58:0 ;AngleDec;69,26
17.5.18 11:59:0 ;AngleDec;69,53
17.5.18 12:0:0 ;AngleDec;69,79
17.5.18 12:1:0 ;AngleDec;70,06
17.5.18 12:2:0 ;AngleDec;70,33
17.5.18 12:3:0 ;AngleDec;70,59
17.5.18 12:4:0 ;AngleDec;70,86
17.5.18 12:5:0 ;AngleDec;71,13
17.5.18 12:6:0 ;AngleDec;71,40
17.5.18 12:7:0 ;AngleDec;71,67
17.5.18 12:8:0 ;AngleDec;71,94
17.5.18 12:9:0 ;AngleDec;72,21
17.5.18 12:10:0 ;AngleDec;72,48
17.5.18 12:11:0 ;AngleDec;72,75
17.5.18 12:12:0 ;AngleDec;73,02
17.5.18 12:13:0 ;AngleDec;73,29
17.5.18 12:14:0 ;AngleDec;73,56
17.5.18 12:15:0 ;AngleDec;73,83
17.5.18 12:16:0 ;AngleDec;74,11
17.5.18 12:17:0 ;AngleDec;74,38
17.5.18 12:18:0 ;AngleDec;74,66
17.5.18 12:19:0 ;AngleDec;74,93
17.5.18 12:20:0 ;AngleDec;75,20
17.5.18 12:21:0 ;AngleDec;75,48
17.5.18 12:22:0 ;AngleDec;75,76
17.5.18 12:23:0 ;AngleDec;76,03
17.5.18 12:24:0 ;AngleDec;76,31
17.5.18 12:25:0 ;AngleDec;76,58
17.5.18 12:26:0 ;AngleDec;76,86
17.5.18 12:27:0 ;AngleDec;77,14
17.5.18 12:28:0 ;AngleDec;77,42
17.5.18 12:29:0 ;AngleDec;77,70
17.5.18 12:30:0 ;AngleDec;77,97
17.5.18 12:31:0 ;AngleDec;78,25
17.5.18 12:32:0 ;AngleDec;78,53
17.5.18 12:33:0 ;AngleDec;78,81
17.5.18 12:34:0 ;AngleDec;79,09
17.5.18 12:35:0 ;AngleDec;79,37
17.5.18 12:36:0 ;AngleDec;79,65
17.5.18 12:37:0 ;AngleDec;79,93
17.5.18 12:38:0 ;AngleDec;80,21
17.5.18 12:39:0 ;AngleDec;80,50
17.5.18 12:40:0 ;AngleDec;80,78
17.5.18 12:41:0 ;AngleDec;81,06
17.5.18 12:42:0 ;AngleDec;81,34
17.5.18 12:43:0 ;AngleDec;81,62
17.5.18 12:44:0 ;AngleDec;81,91
17.5.18 12:45:0 ;AngleDec;82,19
17.5.18 12:46:0 ;AngleDec;82,47
17.5.18 12:47:0 ;AngleDec;82,76
17.5.18 12:48:0 ;AngleDec;83,04
17.5.18 12:49:0 ;AngleDec;83,32
17.5.18 12:50:0 ;AngleDec;83,61
17.5.18 12:51:0 ;AngleDec;83,89
17.5.18 12:52:0 ;AngleDec;84,18
17.5.18 12:53:0 ;AngleDec;84,46
17.5.18 12:54:0 ;AngleDec;84,75
17.5.18 12:55:0 ;AngleDec;85,03
17.5.18 12:56:0 ;AngleDec;85,32
17.5.18 12:57:0 ;AngleDec;85,60
17.5.18 12:58:0 ;AngleDec;85,89
17.5.18 12:59:0 ;AngleDec;86,17
17.5.18 13:0:0 ;AngleDec;86,46
17.5.18 13:1:0 ;AngleDec;86,74
17.5.18 13:2:0 ;AngleDec;87,03
17.5.18 13:3:0 ;AngleDec;87,32
17.5.18 13:4:0 ;AngleDec;87,60
17.5.18 13:5:0 ;AngleDec;87,89
17.5.18 13:6:0 ;AngleDec;88,17
17.5.18 13:7:0 ;AngleDec;88,46
17.5.18 13:8:0 ;AngleDec;88,75
17.5.18 13:9:0 ;AngleDec;89,03
17.5.18 13:10:0 ;AngleDec;89,32
17.5.18 13:11:0 ;AngleDec;89,61
17.5.18 13:12:0 ;AngleDec;89,89
17.5.18 13:13:0 ;AngleDec;-89,82
17.5.18 13:14:0 ;AngleDec;-89,54
17.5.18 13:15:0 ;AngleDec;-89,25
17.5.18 13:16:0 ;AngleDec;-88,96
17.5.18 13:17:0 ;AngleDec;-88,68
17.5.18 13:18:0 ;AngleDec;-88,39
17.5.18 13:19:0 ;AngleDec;-88,10
17.5.18 13:20:0 ;AngleDec;-87,82
17.5.18 13:21:0 ;AngleDec;-87,53
17.5.18 13:22:0 ;AngleDec;-87,25
17.5.18 13:23:0 ;AngleDec;-86,96
17.5.18 13:24:0 ;AngleDec;-86,68
17.5.18 13:25:0 ;AngleDec;-86,39
17.5.18 13:26:0 ;AngleDec;-86,10
17.5.18 13:27:0 ;AngleDec;-85,82
17.5.18 13:28:0 ;AngleDec;-85,53
17.5.18 13:29:0 ;AngleDec;-85,25
17.5.18 13:30:0 ;AngleDec;-84,96
17.5.18 13:31:0 ;AngleDec;-84,68
17.5.18 13:32:0 ;AngleDec;-84,39
17.5.18 13:33:0 ;AngleDec;-84,11
17.5.18 13:34:0 ;AngleDec;-83,83
17.5.18 13:35:0 ;AngleDec;-83,54
17.5.18 13:36:0 ;AngleDec;-83,26
17.5.18 13:37:0 ;AngleDec;-82,97
17.5.18 13:38:0 ;AngleDec;-82,69
17.5.18 13:39:0 ;AngleDec;-82,41
17.5.18 13:40:0 ;AngleDec;-82,12
17.5.18 13:41:0 ;AngleDec;-81,84
17.5.18 13:42:0 ;AngleDec;-81,56
17.5.18 13:43:0 ;AngleDec;-81,28
17.5.18 13:44:0 ;AngleDec;-80,99
17.5.18 13:45:0 ;AngleDec;-80,71
17.5.18 13:46:0 ;AngleDec;-80,43
17.5.18 13:47:0 ;AngleDec;-80,15
17.5.18 13:48:0 ;AngleDec;-79,87
17.5.18 13:49:0 ;AngleDec;-79,59
17.5.18 13:50:0 ;AngleDec;-79,31
17.5.18 13:51:0 ;AngleDec;-79,03
17.5.18 13:52:0 ;AngleDec;-78,75
17.5.18 13:53:0 ;AngleDec;-78,47
17.5.18 13:54:0 ;AngleDec;-78,19
17.5.18 13:55:0 ;AngleDec;-77,91
17.5.18 13:56:0 ;AngleDec;-77,63
17.5.18 13:57:0 ;AngleDec;-77,35
17.5.18 13:58:0 ;AngleDec;-77,08
17.5.18 13:59:0 ;AngleDec;-76,80
17.5.18 14:0:0 ;AngleDec;-76,52
17.5.18 14:1:0 ;AngleDec;-76,24
17.5.18 14:2:0 ;AngleDec;-75,97
17.5.18 14:3:0 ;AngleDec;-75,69
17.5.18 14:4:0 ;AngleDec;-75,42
17.5.18 14:5:0 ;AngleDec;-75,14
17.5.18 14:6:0 ;AngleDec;-74,87
17.5.18 14:7:0 ;AngleDec;-74,59
17.5.18 14:8:0 ;AngleDec;-74,32
17.5.18 14:9:0 ;AngleDec;-74,05
17.5.18 14:10:0 ;AngleDec;-73,77
17.5.18 14:11:0 ;AngleDec;-73,50
17.5.18 14:12:0 ;AngleDec;-73,23
17.5.18 14:13:0 ;AngleDec;-72,96
17.5.18 14:14:0 ;AngleDec;-72,69
17.5.18 14:15:0 ;AngleDec;-72,42
17.5.18 14:16:0 ;AngleDec;-72,15
17.5.18 14:17:0 ;AngleDec;-71,88
17.5.18 14:18:0 ;AngleDec;-71,61
17.5.18 14:19:0 ;AngleDec;-71,34
17.5.18 14:20:0 ;AngleDec;-71,07
17.5.18 14:21:0 ;AngleDec;-70,80
17.5.18 14:22:0 ;AngleDec;-70,54
17.5.18 14:23:0 ;AngleDec;-70,27
17.5.18 14:24:0 ;AngleDec;-70,00
17.5.18 14:25:0 ;AngleDec;-69,74
17.5.18 14:26:0 ;AngleDec;-69,47
17.5.18 14:27:0 ;AngleDec;-69,21
17.5.18 14:28:0 ;AngleDec;-68,94
17.5.18 14:29:0 ;AngleDec;-68,68
17.5.18 14:30:0 ;AngleDec;-68,42
17.5.18 14:31:0 ;AngleDec;-68,16
17.5.18 14:32:0 ;AngleDec;-67,89
17.5.18 14:33:0 ;AngleDec;-67,63
17.5.18 14:34:0 ;AngleDec;-67,37
17.5.18 14:35:0 ;AngleDec;-67,11
17.5.18 14:36:0 ;AngleDec;-66,85
17.5.18 14:37:0 ;AngleDec;-66,59
17.5.18 14:38:0 ;AngleDec;-66,34
17.5.18 14:39:0 ;AngleDec;-66,08
17.5.18 14:40:0 ;AngleDec;-65,82
17.5.18 14:41:0 ;AngleDec;-65,56
17.5.18 14:42:0 ;AngleDec;-65,31
17.5.18 14:43:0 ;AngleDec;-65,05
17.5.18 14:44:0 ;AngleDec;-64,80
17.5.18 14:45:0 ;AngleDec;-64,54
17.5.18 14:46:0 ;AngleDec;-64,29
17.5.18 14:47:0 ;AngleDec;-64,04
17.5.18 14:48:0 ;AngleDec;-63,78
17.5.18 14:49:0 ;AngleDec;-63,53
17.5.18 14:50:0 ;AngleDec;-63,28
17.5.18 14:51:0 ;AngleDec;-63,03
17.5.18 14:52:0 ;AngleDec;-62,78
17.5.18 14:53:0 ;AngleDec;-62,53
17.5.18 14:54:0 ;AngleDec;-62,28
17.5.18 14:55:0 ;AngleDec;-62,03
17.5.18 14:56:0 ;AngleDec;-61,79
17.5.18 14:57:0 ;AngleDec;-61,54
17.5.18 14:58:0 ;AngleDec;-61,29
17.5.18 14:59:0 ;AngleDec;-61,05
17.5.18 15:0:0 ;AngleDec;-60,80
17.5.18 15:1:0 ;AngleDec;-60,56
17.5.18 15:2:0 ;AngleDec;-60,31
17.5.18 15:3:0 ;AngleDec;-60,07
17.5.18 15:4:0 ;AngleDec;-59,83
17.5.18 15:5:0 ;AngleDec;-59,59
17.5.18 15:6:0 ;AngleDec;-59,34
17.5.18 15:7:0 ;AngleDec;-59,10
17.5.18 15:8:0 ;AngleDec;-58,86
17.5.18 15:9:0 ;AngleDec;-58,62
17.5.18 15:10:0 ;AngleDec;-58,39
17.5.18 15:11:0 ;AngleDec;-58,15
17.5.18 15:12:0 ;AngleDec;-57,91
17.5.18 15:13:0 ;AngleDec;-57,67
17.5.18 15:14:0 ;AngleDec;-57,44
17.5.18 15:15:0 ;AngleDec;-57,20
17.5.18 15:16:0 ;AngleDec;-56,97
17.5.18 15:17:0 ;AngleDec;-56,73
17.5.18 15:18:0 ;AngleDec;-56,50
17.5.18 15:19:0 ;AngleDec;-56,27
17.5.18 15:20:0 ;AngleDec;-56,03
17.5.18 15:21:0 ;AngleDec;-55,80
17.5.18 15:22:0 ;AngleDec;-55,57
17.5.18 15:23:0 ;AngleDec;-55,34
17.5.18 15:24:0 ;AngleDec;-55,11
17.5.18 15:25:0 ;AngleDec;-54,88
17.5.18 15:26:0 ;AngleDec;-54,65
17.5.18 15:27:0 ;AngleDec;-54,43
17.5.18 15:28:0 ;AngleDec;-54,20
17.5.18 15:29:0 ;AngleDec;-53,97
17.5.18 15:30:0 ;AngleDec;-53,75
17.5.18 15:31:0 ;AngleDec;-53,52
17.5.18 15:32:0 ;AngleDec;-53,30
17.5.18 15:33:0 ;AngleDec;-53,07
17.5.18 15:34:0 ;AngleDec;-52,85
17.5.18 15:35:0 ;AngleDec;-52,63
17.5.18 15:36:0 ;AngleDec;-52,40
17.5.18 15:37:0 ;AngleDec;-52,18
17.5.18 15:38:0 ;AngleDec;-51,96
17.5.18 15:39:0 ;AngleDec;-51,74
17.5.18 15:40:0 ;AngleDec;-51,52
17.5.18 15:41:0 ;AngleDec;-51,30
17.5.18 15:42:0 ;AngleDec;-51,09
17.5.18 15:43:0 ;AngleDec;-50,87
17.5.18 15:44:0 ;AngleDec;-50,65
17.5.18 15:45:0 ;AngleDec;-50,44
17.5.18 15:46:0 ;AngleDec;-50,22
17.5.18 15:47:0 ;AngleDec;-50,01
17.5.18 15:48:0 ;AngleDec;-49,79
17.5.18 15:49:0 ;AngleDec;-49,58
17.5.18 15:50:0 ;AngleDec;-49,36
17.5.18 15:51:0 ;AngleDec;-49,15
17.5.18 15:52:0 ;AngleDec;-48,94
17.5.18 15:53:0 ;AngleDec;-48,73
17.5.18 15:54:0 ;AngleDec;-48,52
17.5.18 15:55:0 ;AngleDec;-48,31
17.5.18 15:56:0 ;AngleDec;-48,10
17.5.18 15:57:0 ;AngleDec;-47,89
17.5.18 15:58:0 ;AngleDec;-47,68
17.5.18 15:59:0 ;AngleDec;-47,47
17.5.18 16:0:0 ;AngleDec;-47,27
17.5.18 16:1:0 ;AngleDec;-47,06
17.5.18 16:2:0 ;AngleDec;-46,86
17.5.18 16:3:0 ;AngleDec;-46,65
17.5.18 16:4:0 ;AngleDec;-46,45
17.5.18 16:5:0 ;AngleDec;-46,24
17.5.18 16:6:0 ;AngleDec;-46,04
17.5.18 16:7:0 ;AngleDec;-45,84
17.5.18 16:8:0 ;AngleDec;-45,63
17.5.18 16:9:0 ;AngleDec;-45,43
17.5.18 16:10:0 ;AngleDec;-45,23
17.5.18 16:11:0 ;AngleDec;-45,03
17.5.18 16:12:0 ;AngleDec;-44,83
17.5.18 16:13:0 ;AngleDec;-44,63
17.5.18 16:14:0 ;AngleDec;-44,43
17.5.18 16:15:0 ;AngleDec;-44,24
17.5.18 16:16:0 ;AngleDec;-44,04
17.5.18 16:17:0 ;AngleDec;-43,84
17.5.18 16:18:0 ;AngleDec;-43,65
17.5.18 16:19:0 ;AngleDec;-43,45
17.5.18 16:20:0 ;AngleDec;-43,26
17.5.18 16:21:0 ;AngleDec;-43,06
17.5.18 16:22:0 ;AngleDec;-42,87
17.5.18 16:23:0 ;AngleDec;-42,67
17.5.18 16:24:0 ;AngleDec;-42,48
17.5.18 16:25:0 ;AngleDec;-42,29
17.5.18 16:26:0 ;AngleDec;-42,10
17.5.18 16:27:0 ;AngleDec;-41,91
17.5.18 16:28:0 ;AngleDec;-41,72
17.5.18 16:29:0 ;AngleDec;-41,53
17.5.18 16:30:0 ;AngleDec;-41,34
17.5.18 16:31:0 ;AngleDec;-41,15
17.5.18 16:32:0 ;AngleDec;-40,96
17.5.18 16:33:0 ;AngleDec;-40,77
17.5.18 16:34:0 ;AngleDec;-40,58
17.5.18 16:35:0 ;AngleDec;-40,40
17.5.18 16:36:0 ;AngleDec;-40,21
17.5.18 16:37:0 ;AngleDec;-40,03
17.5.18 16:38:0 ;AngleDec;-39,84
17.5.18 16:39:0 ;AngleDec;-39,66
17.5.18 16:40:0 ;AngleDec;-39,47
17.5.18 16:41:0 ;AngleDec;-39,29
17.5.18 16:42:0 ;AngleDec;-39,10
17.5.18 16:43:0 ;AngleDec;-38,92
17.5.18 16:44:0 ;AngleDec;-38,74
17.5.18 16:45:0 ;AngleDec;-38,56
17.5.18 16:46:0 ;AngleDec;-38,38
17.5.18 16:47:0 ;AngleDec;-38,20
17.5.18 16:48:0 ;AngleDec;-38,02
17.5.18 16:49:0 ;AngleDec;-37,84
17.5.18 16:50:0 ;AngleDec;-37,66
17.5.18 16:51:0 ;AngleDec;-37,48
17.5.18 16:52:0 ;AngleDec;-37,30
17.5.18 16:53:0 ;AngleDec;-37,12
17.5.18 16:54:0 ;AngleDec;-36,95
17.5.18 16:55:0 ;AngleDec;-36,77
17.5.18 16:56:0 ;AngleDec;-36,59
17.5.18 16:57:0 ;AngleDec;-36,42
17.5.18 16:58:0 ;AngleDec;-36,24
17.5.18 16:59:0 ;AngleDec;-36,07
17.5.18 17:0:0 ;AngleDec;-35,90
17.5.18 17:1:0 ;AngleDec;-35,72
17.5.18 17:2:0 ;AngleDec;-35,55
17.5.18 17:3:0 ;AngleDec;-35,38
17.5.18 17:4:0 ;AngleDec;-35,20
17.5.18 17:5:0 ;AngleDec;-35,03
17.5.18 17:6:0 ;AngleDec;-34,86
17.5.18 17:7:0 ;AngleDec;-34,69
17.5.18 17:8:0 ;AngleDec;-34,52
17.5.18 17:9:0 ;AngleDec;-34,35
17.5.18 17:10:0 ;AngleDec;-34,18
17.5.18 17:11:0 ;AngleDec;-34,01
17.5.18 17:12:0 ;AngleDec;-33,84
17.5.18 17:13:0 ;AngleDec;-33,67
17.5.18 17:14:0 ;AngleDec;-33,51
17.5.18 17:15:0 ;AngleDec;-33,34
17.5.18 17:16:0 ;AngleDec;-33,17
17.5.18 17:17:0 ;AngleDec;-33,00
17.5.18 17:18:0 ;AngleDec;-32,84
17.5.18 17:19:0 ;AngleDec;-32,67
17.5.18 17:20:0 ;AngleDec;-32,51
17.5.18 17:21:0 ;AngleDec;-32,34
17.5.18 17:22:0 ;AngleDec;-32,18
17.5.18 17:23:0 ;AngleDec;-32,01
17.5.18 17:24:0 ;AngleDec;-31,85
17.5.18 17:25:0 ;AngleDec;-31,69
17.5.18 17:26:0 ;AngleDec;-31,52
17.5.18 17:27:0 ;AngleDec;-31,36
17.5.18 17:28:0 ;AngleDec;-31,20
17.5.18 17:29:0 ;AngleDec;-31,04
17.5.18 17:30:0 ;AngleDec;-30,88
17.5.18 17:31:0 ;AngleDec;-30,71
17.5.18 17:32:0 ;AngleDec;-30,55
17.5.18 17:33:0 ;AngleDec;-30,39
17.5.18 17:34:0 ;AngleDec;-30,23
17.5.18 17:35:0 ;AngleDec;-30,07
17.5.18 17:36:0 ;AngleDec;-29,92
17.5.18 17:37:0 ;AngleDec;-29,76
17.5.18 17:38:0 ;AngleDec;-29,60
17.5.18 17:39:0 ;AngleDec;-29,44
17.5.18 17:40:0 ;AngleDec;-29,28
17.5.18 17:41:0 ;AngleDec;-29,13
17.5.18 17:42:0 ;AngleDec;-28,97
17.5.18 17:43:0 ;AngleDec;-28,81
17.5.18 17:44:0 ;AngleDec;-28,66
17.5.18 17:45:0 ;AngleDec;-28,50
17.5.18 17:46:0 ;AngleDec;-28,35
17.5.18 17:47:0 ;AngleDec;-28,19
17.5.18 17:48:0 ;AngleDec;-28,04
17.5.18 17:49:0 ;AngleDec;-27,88
17.5.18 17:50:0 ;AngleDec;-27,73
17.5.18 17:51:0 ;AngleDec;-27,57
17.5.18 17:52:0 ;AngleDec;-27,42
17.5.18 17:53:0 ;AngleDec;-27,27
17.5.18 17:54:0 ;AngleDec;-27,11
17.5.18 17:55:0 ;AngleDec;-26,96
17.5.18 17:56:0 ;AngleDec;-26,81
17.5.18 17:57:0 ;AngleDec;-26,66
17.5.18 17:58:0 ;AngleDec;-26,51
17.5.18 17:59:0 ;AngleDec;-26,35
17.5.18 18:0:0 ;AngleDec;-26,20
17.5.18 18:1:0 ;AngleDec;-26,05
17.5.18 18:2:0 ;AngleDec;-25,90
17.5.18 18:3:0 ;AngleDec;-25,75
17.5.18 18:4:0 ;AngleDec;-25,60
17.5.18 18:5:0 ;AngleDec;-25,45
17.5.18 18:6:0 ;AngleDec;-25,30
17.5.18 18:7:0 ;AngleDec;-25,15
17.5.18 18:8:0 ;AngleDec;-25,01
17.5.18 18:9:0 ;AngleDec;-24,86
17.5.18 18:10:0 ;AngleDec;-24,71
17.5.18 18:11:0 ;AngleDec;-24,56
17.5.18 18:12:0 ;AngleDec;-24,41
17.5.18 18:13:0 ;AngleDec;-24,27
17.5.18 18:14:0 ;AngleDec;-24,12
17.5.18 18:15:0 ;AngleDec;-23,97
17.5.18 18:16:0 ;AngleDec;-23,83
17.5.18 18:17:0 ;AngleDec;-23,68
17.5.18 18:18:0 ;AngleDec;-23,53
17.5.18 18:19:0 ;AngleDec;-23,39
17.5.18 18:20:0 ;AngleDec;-23,24
17.5.18 18:21:0 ;AngleDec;-23,10
17.5.18 18:22:0 ;AngleDec;-22,95
17.5.18 18:23:0 ;AngleDec;-22,81
17.5.18 18:24:0 ;AngleDec;-22,66
17.5.18 18:25:0 ;AngleDec;-22,52
17.5.18 18:26:0 ;AngleDec;-22,38
17.5.18 18:27:0 ;AngleDec;-22,23
17.5.18 18:28:0 ;AngleDec;-22,09
17.5.18 18:29:0 ;AngleDec;-21,95
17.5.18 18:30:0 ;AngleDec;-21,80
17.5.18 18:31:0 ;AngleDec;-21,66
17.5.18 18:32:0 ;AngleDec;-21,52
17.5.18 18:33:0 ;AngleDec;-21,37
17.5.18 18:34:0 ;AngleDec;-21,23
17.5.18 18:35:0 ;AngleDec;-21,09
17.5.18 18:36:0 ;AngleDec;-20,95
17.5.18 18:37:0 ;AngleDec;-20,81
17.5.18 18:38:0 ;AngleDec;-20,67
17.5.18 18:39:0 ;AngleDec;-20,52
17.5.18 18:40:0 ;AngleDec;-20,38
17.5.18 18:41:0 ;AngleDec;-20,24
17.5.18 18:42:0 ;AngleDec;-20,10
17.5.18 18:43:0 ;AngleDec;-19,96
17.5.18 18:44:0 ;AngleDec;-19,82
17.5.18 18:45:0 ;AngleDec;-19,68
17.5.18 18:46:0 ;AngleDec;-19,54
17.5.18 18:47:0 ;AngleDec;-19,40
17.5.18 18:48:0 ;AngleDec;-19,26
17.5.18 18:49:0 ;AngleDec;-19,12
17.5.18 18:50:0 ;AngleDec;-18,98
17.5.18 18:51:0 ;AngleDec;-18,84
17.5.18 18:52:0 ;AngleDec;-18,71
17.5.18 18:53:0 ;AngleDec;-18,57
17.5.18 18:54:0 ;AngleDec;-18,43
17.5.18 18:55:0 ;AngleDec;-18,29
17.5.18 18:56:0 ;AngleDec;-18,15
17.5.18 18:57:0 ;AngleDec;-18,01
17.5.18 18:58:0 ;AngleDec;-17,88
17.5.18 18:59:0 ;AngleDec;-17,74
17.5.18 19:0:0 ;AngleDec;-17,60
17.5.18 19:1:0 ;AngleDec;-17,46
17.5.18 19:2:0 ;AngleDec;-17,33
17.5.18 19:3:0 ;AngleDec;-17,19
17.5.18 19:4:0 ;AngleDec;-17,05
17.5.18 19:5:0 ;AngleDec;-16,91
17.5.18 19:6:0 ;AngleDec;-16,78
17.5.18 19:7:0 ;AngleDec;-16,64
17.5.18 19:8:0 ;AngleDec;-16,50
17.5.18 19:9:0 ;AngleDec;-16,37
17.5.18 19:10:0 ;AngleDec;-16,23
17.5.18 19:11:0 ;AngleDec;-16,09
17.5.18 19:12:0 ;AngleDec;-15,96
17.5.18 19:13:0 ;AngleDec;-15,82
17.5.18 19:14:0 ;AngleDec;-15,69
17.5.18 19:15:0 ;AngleDec;-15,55
17.5.18 19:16:0 ;AngleDec;-15,41
17.5.18 19:17:0 ;AngleDec;-15,28
17.5.18 19:18:0 ;AngleDec;-15,14
17.5.18 19:19:0 ;AngleDec;-15,01
17.5.18 19:20:0 ;AngleDec;-14,87
17.5.18 19:21:0 ;AngleDec;-14,74
17.5.18 19:22:0 ;AngleDec;-14,60
17.5.18 19:23:0 ;AngleDec;-14,47
17.5.18 19:24:0 ;AngleDec;-14,33
17.5.18 19:25:0 ;AngleDec;-14,20
17.5.18 19:26:0 ;AngleDec;-14,06
17.5.18 19:27:0 ;AngleDec;-13,93
17.5.18 19:28:0 ;AngleDec;-13,79
17.5.18 19:29:0 ;AngleDec;-13,66
17.5.18 19:30:0 ;AngleDec;-13,52
17.5.18 19:31:0 ;AngleDec;-13,39
17.5.18 19:32:0 ;AngleDec;-13,25
17.5.18 19:33:0 ;AngleDec;-13,12
17.5.18 19:34:0 ;AngleDec;-12,98
17.5.18 19:35:0 ;AngleDec;-12,85
17.5.18 19:36:0 ;AngleDec;-12,71
17.5.18 19:37:0 ;AngleDec;-12,58
17.5.18 19:38:0 ;AngleDec;-12,45
17.5.18 19:39:0 ;AngleDec;-12,31
17.5.18 19:40:0 ;AngleDec;-12,18
17.5.18 19:41:0 ;AngleDec;-12,04
17.5.18 19:42:0 ;AngleDec;-11,91
17.5.18 19:43:0 ;AngleDec;-11,77
17.5.18 19:44:0 ;AngleDec;-11,64
17.5.18 19:45:0 ;AngleDec;-11,51
17.5.18 19:46:0 ;AngleDec;-11,37
17.5.18 19:47:0 ;AngleDec;-11,24
17.5.18 19:48:0 ;AngleDec;-11,10
17.5.18 19:49:0 ;AngleDec;-10,97
17.5.18 19:50:0 ;AngleDec;-10,83
17.5.18 19:51:0 ;AngleDec;-10,70
17.5.18 19:52:0 ;AngleDec;-10,57
17.5.18 19:53:0 ;AngleDec;-10,43
17.5.18 19:54:0 ;AngleDec;-10,30
17.5.18 19:55:0 ;AngleDec;-10,16
17.5.18 19:56:0 ;AngleDec;-10,03
17.5.18 19:57:0 ;AngleDec;-9,89
17.5.18 19:58:0 ;AngleDec;-9,76
17.5.18 19:59:0 ;AngleDec;-9,62
17.5.18 20:0:0 ;AngleDec;-9,49
17.5.18 20:1:0 ;AngleDec;-9,36
17.5.18 20:2:0 ;AngleDec;-9,22
17.5.18 20:3:0 ;AngleDec;-9,09
17.5.18 20:4:0 ;AngleDec;-8,95
17.5.18 20:5:0 ;AngleDec;-8,82
17.5.18 20:6:0 ;AngleDec;-8,68
17.5.18 20:7:0 ;AngleDec;-8,55
17.5.18 20:8:0 ;AngleDec;-8,41
17.5.18 20:9:0 ;AngleDec;-8,28
17.5.18 20:10:0 ;AngleDec;-8,14
17.5.18 20:11:0 ;AngleDec;-8,01
17.5.18 20:12:0 ;AngleDec;-7,87
17.5.18 20:13:0 ;AngleDec;-7,74
17.5.18 20:14:0 ;AngleDec;-7,60
17.5.18 20:15:0 ;AngleDec;-7,46
17.5.18 20:16:0 ;AngleDec;-7,33
17.5.18 20:17:0 ;AngleDec;-7,19
17.5.18 20:18:0 ;AngleDec;-7,06
17.5.18 20:19:0 ;AngleDec;-6,92
17.5.18 20:20:0 ;AngleDec;-6,79
17.5.18 20:21:0 ;AngleDec;-6,65
17.5.18 20:22:0 ;AngleDec;-6,51
17.5.18 20:23:0 ;AngleDec;-6,38
17.5.18 20:24:0 ;AngleDec;-6,24
17.5.18 20:25:0 ;AngleDec;-6,10
17.5.18 20:26:0 ;AngleDec;-5,97
17.5.18 20:27:0 ;AngleDec;-5,83
17.5.18 20:28:0 ;AngleDec;-5,69
17.5.18 20:29:0 ;AngleDec;-5,55
17.5.18 20:30:0 ;AngleDec;-5,42
17.5.18 20:31:0 ;AngleDec;-5,28
17.5.18 20:32:0 ;AngleDec;-5,14
17.5.18 20:33:0 ;AngleDec;-5,00
17.5.18 20:34:0 ;AngleDec;-4,87
17.5.18 20:35:0 ;AngleDec;-4,73
17.5.18 20:36:0 ;AngleDec;-4,59
17.5.18 20:37:0 ;AngleDec;-4,45
17.5.18 20:38:0 ;AngleDec;-4,31
17.5.18 20:39:0 ;AngleDec;-4,17
17.5.18 20:40:0 ;AngleDec;-4,03
17.5.18 20:41:0 ;AngleDec;-3,89
17.5.18 20:42:0 ;AngleDec;-3,75
17.5.18 20:43:0 ;AngleDec;-3,61
17.5.18 20:44:0 ;AngleDec;-3,47
17.5.18 20:45:0 ;AngleDec;-3,33
17.5.18 20:46:0 ;AngleDec;-3,19
17.5.18 20:47:0 ;AngleDec;-3,05
17.5.18 20:48:0 ;AngleDec;-2,91
17.5.18 20:49:0 ;AngleDec;-2,77
17.5.18 20:50:0 ;AngleDec;-2,63
17.5.18 20:51:0 ;AngleDec;-2,49
17.5.18 20:52:0 ;AngleDec;-2,35
17.5.18 20:53:0 ;AngleDec;-2,20
17.5.18 20:54:0 ;AngleDec;-2,06
17.5.18 20:55:0 ;AngleDec;-1,92
17.5.18 20:56:0 ;AngleDec;-1,77
17.5.18 20:57:0 ;AngleDec;-1,63
17.5.18 20:58:0 ;AngleDec;-1,49
17.5.18 20:59:0 ;AngleDec;-1,34
17.5.18 21:0:0 ;AngleDec;-1,20
17.5.18 21:1:0 ;AngleDec;-1,05
17.5.18 21:2:0 ;AngleDec;-0,91
17.5.18 21:3:0 ;AngleDec;-0,76
17.5.18 21:4:0 ;AngleDec;-0,62
17.5.18 21:5:0 ;AngleDec;-0,47
17.5.18 21:6:0 ;AngleDec;-0,33
17.5.18 21:7:0 ;AngleDec;-0,18
17.5.18 21:8:0 ;AngleDec;-0,03
17.5.18 21:9:0 ;AngleDec;0,11
17.5.18 21:10:0 ;AngleDec;0,26
17.5.18 21:11:0 ;AngleDec;0,41
17.5.18 21:12:0 ;AngleDec;0,56
17.5.18 21:13:0 ;AngleDec;0,71
17.5.18 21:14:0 ;AngleDec;0,86
17.5.18 21:15:0 ;AngleDec;1,00
17.5.18 21:16:0 ;AngleDec;1,15
17.5.18 21:17:0 ;AngleDec;1,30
17.5.18 21:18:0 ;AngleDec;1,46
17.5.18 21:19:0 ;AngleDec;1,61
17.5.18 21:20:0 ;AngleDec;1,76
17.5.18 21:21:0 ;AngleDec;1,91
17.5.18 21:22:0 ;AngleDec;2,06
17.5.18 21:23:0 ;AngleDec;2,22
17.5.18 21:24:0 ;AngleDec;2,37
17.5.18 21:25:0 ;AngleDec;2,52
